Classification Name,Classification Code,Country Name,Country Code,Time,Time Code,Affordability of a healthy diet: ratio of cost to food expenditures [CoHD_fexp],Affordability of a healthy diet: ratio of cost to the food poverty line [CoHD_pov],Affordability of a nutrient adequate diet: ratio of cost to food expenditures [CoNA_fexp],Affordability of a nutrient adequate diet: ratio of cost to the food poverty line [CoNA_pov],Affordability of an energy sufficient diet: ratio of cost to food expenditures [CoCA_fexp],Affordability of an energy sufficient diet: ratio of cost to the food poverty line [CoCA_pov],Cost of a healthy diet [CoHD],Cost of a healthy diet relative to the cost of sufficient energy from starchy staples [CoHD_CoCA],Cost of a nutrient adequate diet [CoNA],Cost of an energy sufficient diet [CoCA],Cost of animal-source foods [CoHD_asf],Cost of animal-sourced foods relative to the starchy staples in a least-cost healthy diet [CoHD_asf_ss],Cost of fruits [CoHD_f],Cost of fruits relative to the starchy staples in a least-cost healthy diet [CoHD_f_ss],"Cost of legumes, nuts and seeds [CoHD_lns]","Cost of legumes, nuts and seeds relative to the starchy staples in a least-cost healthy diet [CoHD_lns_ss]",Cost of oils and fats [CoHD_of],Cost of oils and fats relative to the starchy staples in a least-cost healthy diet [CoHD_of_ss],Cost of starchy staples [CoHD_ss],Cost of vegetables [CoHD_v],Cost of vegetables relative to the starchy staples in a least-cost healthy diet [CoHD_v_ss],Cost share for animal-sourced foods in a least-cost healthy diet [CoHD_asf_prop],Cost share for fruits in a least-cost healthy diet [CoHD_f_prop],"Cost share for legumes, nuts and seeds in a least-cost healthy diet [CoHD_lns_prop]",Cost share for oils and fats in a least-cost healthy diet [CoHD_of_prop],Cost share for vegetables in a least-cost healthy diet [CoHD_v_prop],Cost share for starchy staples in a least-cost healthy diet [CoHD_ss_prop],Percent of the population who cannot afford sufficient calories [CoCA_headcount],Percent of the population who cannot afford nutrient adequacy [CoNA_headcount],Percent of the population who cannot afford a healthy diet [CoHD_headcount],Millions of people who cannot afford sufficient calories [CoCA_unafford_n],Millions of people who cannot afford nutrient adequacy [CoNA_unafford_n],Millions of people who cannot afford a healthy diet [CoHD_unafford_n],Population [Pop]
Food Prices for Nutrition 1.0,FPN 1.0,Albania,ALB,2017,YR2017,0.425,3.992,0.266,2.496,0.078,0.732,3.952,5.45,2.471,0.725,1.204,2.01,0.911,1.52,0.441,0.74,0.089,0.15,0.599,0.707,1.18,0.305,0.231,0.112,0.023,0.179,0.152,0,13,37.8,0,0.4,1.1,2873457
Food Prices for Nutrition 1.0,FPN 1.0,Albania,ALB,2018,YR2018,..,4.092,..,..,..,..,4.051,..,..,..,..,..,..,..,..,..,..,..,..,..,..,..,..,..,..,..,..,..,..,27.9,..,..,0.8,2866376
Food Prices for Nutrition 1.0,FPN 1.0,Albania,ALB,2019,YR2019,..,4.159,..,..,..,..,4.117,..,..,..,..,..,..,..,..,..,..,..,..,..,..,..,..,..,..,..,..,..,..,19.8,..,..,0.6,2854191
Food Prices for Nutrition 1.0,FPN 1.0,Albania,ALB,2020,YR2020,..,4.239,..,..,..,..,4.197,..,..,..,..,..,..,..,..,..,..,..,..,..,..,..,..,..,..,..,..,..,..,20.1,..,..,0.6,2837743
Food Prices for Nutrition 1.0,FPN 1.0,Albania,ALB,2021,YR2021,..,..,..,..,..,..,..,..,..,..,..,..,..,..,..,..,..,..,..,..,..,..,..,..,..,..,..,..,..,..,..,..,..,..
Food Prices for Nutrition 1.0,FPN 1.0,Algeria,DZA,2017,YR2017,0.605,3.801,0.374,2.346,0.124,0.781,3.763,4.87,2.323,0.773,0.964,1.94,0.979,1.97,0.493,0.99,0.132,0.27,0.496,0.699,1.41,0.256,0.26,0.131,0.035,0.186,0.132,0.2,7.2,35.2,0.1,3,14.6,41389174
Food Prices for Nutrition 1.0,FPN 1.0,Algeria,DZA,2018,YR2018,..,3.861,..,..,..,..,3.822,..,..,..,..,..,..,..,..,..,..,..,..,..,..,..,..,..,..,..,..,..,..,33.9,..,..,14.3,42228415
Food Prices for Nutrition 1.0,FPN 1.0,Algeria,DZA,2019,YR2019,..,3.834,..,..,..,..,3.796,..,..,..,..,..,..,..,..,..,..,..,..,..,..,..,..,..,..,..,..,..,..,31.8,..,..,13.7,43053054
Food Prices for Nutrition 1.0,FPN 1.0,Algeria,DZA,2020,YR2020,..,3.798,..,..,..,..,3.76,..,..,..,..,..,..,..,..,..,..,..,..,..,..,..,..,..,..,..,..,..,..,30.2,..,..,13.2,43851043
Food Prices for Nutrition 1.0,FPN 1.0,Algeria,DZA,2021,YR2021,..,..,..,..,..,..,..,..,..,..,..,..,..,..,..,..,..,..,..,..,..,..,..,..,..,..,..,..,..,..,..,..,..,..
Food Prices for Nutrition 1.0,FPN 1.0,Angola,AGO,2017,YR2017,0.972,4.371,0.726,3.264,0.315,1.417,4.327,3.08,3.231,1.403,1.011,1.21,0.717,0.85,0.395,0.47,0.166,0.2,0.839,1.199,1.43,0.234,0.166,0.091,0.038,0.277,0.194,57.2,87.1,92.9,17,26,27.7,29816769
Food Prices for Nutrition 1.0,FPN 1.0,Angola,AGO,2018,YR2018,..,4.336,..,..,..,..,4.293,..,..,..,..,..,..,..,..,..,..,..,..,..,..,..,..,..,..,..,..,..,..,93.4,..,..,28.8,30809787
Food Prices for Nutrition 1.0,FPN 1.0,Angola,AGO,2019,YR2019,..,4.396,..,..,..,..,4.352,..,..,..,..,..,..,..,..,..,..,..,..,..,..,..,..,..,..,..,..,..,..,93.9,..,..,29.9,31825299
Food Prices for Nutrition 1.0,FPN 1.0,Angola,AGO,2020,YR2020,..,4.58,..,..,..,..,4.534,..,..,..,..,..,..,..,..,..,..,..,..,..,..,..,..,..,..,..,..,..,..,94.3,..,..,31,32866268
Food Prices for Nutrition 1.0,FPN 1.0,Angola,AGO,2021,YR2021,..,..,..,..,..,..,..,..,..,..,..,..,..,..,..,..,..,..,..,..,..,..,..,..,..,..,..,..,..,..,..,..,..,..
Food Prices for Nutrition 1.0,FPN 1.0,Anguilla,AIA,2017,YR2017,0.577,3.755,0.378,2.458,0.203,1.321,3.717,2.84,2.433,1.308,0.647,0.83,0.811,1.04,0.328,0.42,0.134,0.17,0.778,1.019,1.31,0.174,0.218,0.088,0.036,0.274,0.209,..,..,..,..,..,..,..
Food Prices for Nutrition 1.0,FPN 1.0,Anguilla,AIA,2018,YR2018,..,..,..,..,..,..,..,..,..,..,..,..,..,..,..,..,..,..,..,..,..,..,..,..,..,..,..,..,..,..,..,..,..,..
Food Prices for Nutrition 1.0,FPN 1.0,Anguilla,AIA,2019,YR2019,..,..,..,..,..,..,..,..,..,..,..,..,..,..,..,..,..,..,..,..,..,..,..,..,..,..,..,..,..,..,..,..,..,..
Food Prices for Nutrition 1.0,FPN 1.0,Anguilla,AIA,2020,YR2020,..,..,..,..,..,..,..,..,..,..,..,..,..,..,..,..,..,..,..,..,..,..,..,..,..,..,..,..,..,..,..,..,..,..
Food Prices for Nutrition 1.0,FPN 1.0,Anguilla,AIA,2021,YR2021,..,..,..,..,..,..,..,..,..,..,..,..,..,..,..,..,..,..,..,..,..,..,..,..,..,..,..,..,..,..,..,..,..,..
Food Prices for Nutrition 1.0,FPN 1.0,Antigua and Barbuda,ATG,2017,YR2017,0.767,4.154,0.563,3.047,0.174,0.942,4.112,4.41,3.017,0.933,0.682,1.13,1.003,1.66,0.429,0.71,0.115,0.19,0.604,1.279,2.12,0.166,0.244,0.104,0.028,0.311,0.147,..,..,..,..,..,..,95425
Food Prices for Nutrition 1.0,FPN 1.0,Antigua and Barbuda,ATG,2018,YR2018,..,4.345,..,..,..,..,4.302,..,..,..,..,..,..,..,..,..,..,..,..,..,..,..,..,..,..,..,..,..,..,..,..,..,..,96282
Food Prices for Nutrition 1.0,FPN 1.0,Antigua and Barbuda,ATG,2019,YR2019,..,4.435,..,..,..,..,4.391,..,..,..,..,..,..,..,..,..,..,..,..,..,..,..,..,..,..,..,..,..,..,..,..,..,..,97115
Food Prices for Nutrition 1.0,FPN 1.0,Antigua and Barbuda,ATG,2020,YR2020,..,4.549,..,..,..,..,4.504,..,..,..,..,..,..,..,..,..,..,..,..,..,..,..,..,..,..,..,..,..,..,..,..,..,..,97928
Food Prices for Nutrition 1.0,FPN 1.0,Antigua and Barbuda,ATG,2021,YR2021,..,..,..,..,..,..,..,..,..,..,..,..,..,..,..,..,..,..,..,..,..,..,..,..,..,..,..,..,..,..,..,..,..,..
Food Prices for Nutrition 1.0,FPN 1.0,Argentina,ARG,2017,YR2017,0.395,3.375,0.31,2.652,0.077,0.659,3.341,5.12,2.625,0.652,0.669,1.44,0.733,1.58,0.656,1.42,0.117,0.25,0.463,0.703,1.52,0.2,0.219,0.196,0.035,0.21,0.139,0.3,7.1,11,0.1,3.1,4.8,44044811
Food Prices for Nutrition 1.0,FPN 1.0,Argentina,ARG,2018,YR2018,..,..,..,..,..,..,..,..,..,..,..,..,..,..,..,..,..,..,..,..,..,..,..,..,..,..,..,..,..,..,..,..,..,..
Food Prices for Nutrition 1.0,FPN 1.0,Argentina,ARG,2019,YR2019,..,..,..,..,..,..,..,..,..,..,..,..,..,..,..,..,..,..,..,..,..,..,..,..,..,..,..,..,..,..,..,..,..,..
Food Prices for Nutrition 1.0,FPN 1.0,Argentina,ARG,2020,YR2020,..,..,..,..,..,..,..,..,..,..,..,..,..,..,..,..,..,..,..,..,..,..,..,..,..,..,..,..,..,..,..,..,..,..
Food Prices for Nutrition 1.0,FPN 1.0,Argentina,ARG,2021,YR2021,..,..,..,..,..,..,..,..,..,..,..,..,..,..,..,..,..,..,..,..,..,..,..,..,..,..,..,..,..,..,..,..,..,..
Food Prices for Nutrition 1.0,FPN 1.0,Armenia,ARM,2017,YR2017,0.27,3.127,0.192,2.23,0.088,1.023,3.096,3.06,2.208,1.013,0.973,1.81,0.488,0.91,0.541,1.01,0.123,0.23,0.537,0.433,0.81,0.314,0.158,0.175,0.04,0.14,0.173,0.6,16.8,40.9,0,0.5,1.2,2944789
Food Prices for Nutrition 1.0,FPN 1.0,Armenia,ARM,2018,YR2018,..,3.198,..,..,..,..,3.166,..,..,..,..,..,..,..,..,..,..,..,..,..,..,..,..,..,..,..,..,..,..,41.7,..,..,1.2,2951741
Food Prices for Nutrition 1.0,FPN 1.0,Armenia,ARM,2019,YR2019,..,3.27,..,..,..,..,3.237,..,..,..,..,..,..,..,..,..,..,..,..,..,..,..,..,..,..,..,..,..,..,43.6,..,..,1.3,2957728
Food Prices for Nutrition 1.0,FPN 1.0,Armenia,ARM,2020,YR2020,..,3.28,..,..,..,..,3.247,..,..,..,..,..,..,..,..,..,..,..,..,..,..,..,..,..,..,..,..,..,..,42.9,..,..,1.3,2963234
Food Prices for Nutrition 1.0,FPN 1.0,Armenia,ARM,2021,YR2021,..,..,..,..,..,..,..,..,..,..,..,..,..,..,..,..,..,..,..,..,..,..,..,..,..,..,..,..,..,..,..,..,..,..
Food Prices for Nutrition 1.0,FPN 1.0,Aruba,ABW,2017,YR2017,0.723,3.453,0.6,2.864,0.239,1.141,3.418,3.02,2.835,1.13,0.718,0.9,0.475,0.6,0.407,0.51,0.115,0.14,0.797,0.907,1.14,0.21,0.139,0.119,0.034,0.265,0.233,..,..,..,..,..,..,105361
Food Prices for Nutrition 1.0,FPN 1.0,Aruba,ABW,2018,YR2018,..,3.657,..,..,..,..,3.62,..,..,..,..,..,..,..,..,..,..,..,..,..,..,..,..,..,..,..,..,..,..,..,..,..,..,105846
Food Prices for Nutrition 1.0,FPN 1.0,Aruba,ABW,2019,YR2019,..,3.946,..,..,..,..,3.907,..,..,..,..,..,..,..,..,..,..,..,..,..,..,..,..,..,..,..,..,..,..,..,..,..,..,106310
Food Prices for Nutrition 1.0,FPN 1.0,Aruba,ABW,2020,YR2020,..,4.18,..,..,..,..,4.138,..,..,..,..,..,..,..,..,..,..,..,..,..,..,..,..,..,..,..,..,..,..,..,..,..,..,106766
Food Prices for Nutrition 1.0,FPN 1.0,Aruba,ABW,2021,YR2021,..,..,..,..,..,..,..,..,..,..,..,..,..,..,..,..,..,..,..,..,..,..,..,..,..,..,..,..,..,..,..,..,..,..
Food Prices for Nutrition 1.0,FPN 1.0,Australia,AUS,2017,YR2017,0.333,2.282,0.235,1.611,0.045,0.31,2.259,7.36,1.595,0.307,0.458,2.07,0.667,3.02,0.249,1.13,0.067,0.3,0.221,0.597,2.7,0.203,0.295,0.11,0.03,0.264,0.098,0.2,0.5,0.7,0.1,0.1,0.2,24601860
Food Prices for Nutrition 1.0,FPN 1.0,Australia,AUS,2018,YR2018,..,2.296,..,..,..,..,2.273,..,..,..,..,..,..,..,..,..,..,..,..,..,..,..,..,..,..,..,..,..,..,0.7,..,..,0.2,24982688
Food Prices for Nutrition 1.0,FPN 1.0,Australia,AUS,2019,YR2019,..,2.348,..,..,..,..,2.325,..,..,..,..,..,..,..,..,..,..,..,..,..,..,..,..,..,..,..,..,..,..,0.7,..,..,0.2,25365745
Food Prices for Nutrition 1.0,FPN 1.0,Australia,AUS,2020,YR2020,..,2.587,..,..,..,..,2.561,..,..,..,..,..,..,..,..,..,..,..,..,..,..,..,..,..,..,..,..,..,..,0.7,..,..,0.2,25687041
Food Prices for Nutrition 1.0,FPN 1.0,Australia,AUS,2021,YR2021,..,..,..,..,..,..,..,..,..,..,..,..,..,..,..,..,..,..,..,..,..,..,..,..,..,..,..,..,..,..,..,..,..,..
Food Prices for Nutrition 1.0,FPN 1.0,Austria,AUT,2017,YR2017,0.39,2.8,0.318,2.279,0.049,0.349,2.772,8.01,2.256,0.346,0.612,2.67,0.819,3.58,0.36,1.57,0.055,0.24,0.229,0.698,3.05,0.221,0.295,0.13,0.02,0.252,0.083,0.2,0.5,0.6,0,0,0.1,8797566
Food Prices for Nutrition 1.0,FPN 1.0,Austria,AUT,2018,YR2018,..,2.877,..,..,..,..,2.848,..,..,..,..,..,..,..,..,..,..,..,..,..,..,..,..,..,..,..,..,..,..,0.8,..,..,0.1,8840521
Food Prices for Nutrition 1.0,FPN 1.0,Austria,AUT,2019,YR2019,..,2.846,..,..,..,..,2.818,..,..,..,..,..,..,..,..,..,..,..,..,..,..,..,..,..,..,..,..,..,..,0.8,..,..,0.1,8879920
Food Prices for Nutrition 1.0,FPN 1.0,Austria,AUT,2020,YR2020,..,3.011,..,..,..,..,2.981,..,..,..,..,..,..,..,..,..,..,..,..,..,..,..,..,..,..,..,..,..,..,0.8,..,..,0.1,8917205
Food Prices for Nutrition 1.0,FPN 1.0,Austria,AUT,2021,YR2021,..,..,..,..,..,..,..,..,..,..,..,..,..,..,..,..,..,..,..,..,..,..,..,..,..,..,..,..,..,..,..,..,..,..
Food Prices for Nutrition 1.0,FPN 1.0,Azerbaijan,AZE,2017,YR2017,0.288,2.372,0.225,1.855,0.097,0.797,2.348,2.98,1.836,0.789,0.729,1.63,0.26,0.58,0.463,1.03,0.132,0.29,0.448,0.317,0.71,0.31,0.111,0.197,0.056,0.135,0.191,0,0,0,0,0,0,9854033
Food Prices for Nutrition 1.0,FPN 1.0,Azerbaijan,AZE,2018,YR2018,..,2.423,..,..,..,..,2.399,..,..,..,..,..,..,..,..,..,..,..,..,..,..,..,..,..,..,..,..,..,..,0,..,..,0,9939771
Food Prices for Nutrition 1.0,FPN 1.0,Azerbaijan,AZE,2019,YR2019,..,2.484,..,..,..,..,2.459,..,..,..,..,..,..,..,..,..,..,..,..,..,..,..,..,..,..,..,..,..,..,0,..,..,0,10024283
Food Prices for Nutrition 1.0,FPN 1.0,Azerbaijan,AZE,2020,YR2020,..,2.559,..,..,..,..,2.533,..,..,..,..,..,..,..,..,..,..,..,..,..,..,..,..,..,..,..,..,..,..,0,..,..,0,10093121
Food Prices for Nutrition 1.0,FPN 1.0,Azerbaijan,AZE,2021,YR2021,..,..,..,..,..,..,..,..,..,..,..,..,..,..,..,..,..,..,..,..,..,..,..,..,..,..,..,..,..,..,..,..,..,..
Food Prices for Nutrition 1.0,FPN 1.0,"Bahamas, The",BHS,2017,YR2017,0.69,4.319,0.755,4.73,0.169,1.06,4.276,4.08,4.683,1.049,0.848,1.48,1.03,1.79,0.656,1.14,0.453,0.79,0.574,0.716,1.25,0.198,0.241,0.153,0.106,0.167,0.134,..,..,..,..,..,..,381749
Food Prices for Nutrition 1.0,FPN 1.0,"Bahamas, The",BHS,2018,YR2018,..,4.431,..,..,..,..,4.387,..,..,..,..,..,..,..,..,..,..,..,..,..,..,..,..,..,..,..,..,..,..,..,..,..,..,385635
Food Prices for Nutrition 1.0,FPN 1.0,"Bahamas, The",BHS,2019,YR2019,..,4.408,..,..,..,..,4.364,..,..,..,..,..,..,..,..,..,..,..,..,..,..,..,..,..,..,..,..,..,..,..,..,..,..,389486
Food Prices for Nutrition 1.0,FPN 1.0,"Bahamas, The",BHS,2020,YR2020,..,4.533,..,..,..,..,4.488,..,..,..,..,..,..,..,..,..,..,..,..,..,..,..,..,..,..,..,..,..,..,..,..,..,..,393248
Food Prices for Nutrition 1.0,FPN 1.0,"Bahamas, The",BHS,2021,YR2021,..,..,..,..,..,..,..,..,..,..,..,..,..,..,..,..,..,..,..,..,..,..,..,..,..,..,..,..,..,..,..,..,..,..
Food Prices for Nutrition 1.0,FPN 1.0,Bahrain,BHR,2017,YR2017,0.492,3.413,0.412,2.858,0.115,0.8,3.379,4.27,2.829,0.792,1.006,1.54,0.474,0.73,0.373,0.57,0.185,0.28,0.653,0.688,1.05,0.298,0.14,0.11,0.055,0.204,0.193,..,..,..,..,..,..,1494077
Food Prices for Nutrition 1.0,FPN 1.0,Bahrain,BHR,2018,YR2018,..,3.498,..,..,..,..,3.463,..,..,..,..,..,..,..,..,..,..,..,..,..,..,..,..,..,..,..,..,..,..,..,..,..,..,1569440
Food Prices for Nutrition 1.0,FPN 1.0,Bahrain,BHR,2019,YR2019,..,3.609,..,..,..,..,3.573,..,..,..,..,..,..,..,..,..,..,..,..,..,..,..,..,..,..,..,..,..,..,..,..,..,..,1641164
Food Prices for Nutrition 1.0,FPN 1.0,Bahrain,BHR,2020,YR2020,..,3.874,..,..,..,..,3.835,..,..,..,..,..,..,..,..,..,..,..,..,..,..,..,..,..,..,..,..,..,..,..,..,..,..,1701583
Food Prices for Nutrition 1.0,FPN 1.0,Bahrain,BHR,2021,YR2021,..,..,..,..,..,..,..,..,..,..,..,..,..,..,..,..,..,..,..,..,..,..,..,..,..,..,..,..,..,..,..,..,..,..
Food Prices for Nutrition 1.0,FPN 1.0,Bangladesh,BGD,2017,YR2017,0.648,2.911,0.438,1.967,0.145,0.651,2.882,4.48,1.947,0.644,1.143,3.18,0.559,1.56,0.227,0.63,0.118,0.33,0.359,0.477,1.33,0.397,0.194,0.079,0.041,0.166,0.125,0.8,51.8,77.4,1.2,82.7,123.7,159685421
Food Prices for Nutrition 1.0,FPN 1.0,Bangladesh,BGD,2018,YR2018,..,3.001,..,..,..,..,2.971,..,..,..,..,..,..,..,..,..,..,..,..,..,..,..,..,..,..,..,..,..,..,74.6,..,..,120.5,161376713
Food Prices for Nutrition 1.0,FPN 1.0,Bangladesh,BGD,2019,YR2019,..,3.055,..,..,..,..,3.024,..,..,..,..,..,..,..,..,..,..,..,..,..,..,..,..,..,..,..,..,..,..,73.5,..,..,119.8,163046173
Food Prices for Nutrition 1.0,FPN 1.0,Bangladesh,BGD,2020,YR2020,..,3.095,..,..,..,..,3.064,..,..,..,..,..,..,..,..,..,..,..,..,..,..,..,..,..,..,..,..,..,..,73.5,..,..,121.1,164689383
Food Prices for Nutrition 1.0,FPN 1.0,Bangladesh,BGD,2021,YR2021,..,..,..,..,..,..,..,..,..,..,..,..,..,..,..,..,..,..,..,..,..,..,..,..,..,..,..,..,..,..,..,..,..,..
Food Prices for Nutrition 1.0,FPN 1.0,Barbados,BRB,2017,YR2017,..,..,0.542,2.248,0.218,0.905,..,..,2.226,0.896,..,..,..,..,..,..,..,..,..,..,..,..,..,..,..,..,..,..,..,..,..,..,..,286229
Food Prices for Nutrition 1.0,FPN 1.0,Barbados,BRB,2018,YR2018,..,..,..,..,..,..,..,..,..,..,..,..,..,..,..,..,..,..,..,..,..,..,..,..,..,..,..,..,..,..,..,..,..,..
Food Prices for Nutrition 1.0,FPN 1.0,Barbados,BRB,2019,YR2019,..,..,..,..,..,..,..,..,..,..,..,..,..,..,..,..,..,..,..,..,..,..,..,..,..,..,..,..,..,..,..,..,..,..
Food Prices for Nutrition 1.0,FPN 1.0,Barbados,BRB,2020,YR2020,..,..,..,..,..,..,..,..,..,..,..,..,..,..,..,..,..,..,..,..,..,..,..,..,..,..,..,..,..,..,..,..,..,..
Food Prices for Nutrition 1.0,FPN 1.0,Barbados,BRB,2021,YR2021,..,..,..,..,..,..,..,..,..,..,..,..,..,..,..,..,..,..,..,..,..,..,..,..,..,..,..,..,..,..,..,..,..,..
Food Prices for Nutrition 1.0,FPN 1.0,Belarus,BLR,2017,YR2017,0.378,3.209,0.257,2.183,0.095,0.808,3.177,3.97,2.161,0.8,0.826,1.63,0.678,1.34,0.643,1.27,0.174,0.34,0.506,0.349,0.69,0.26,0.213,0.202,0.055,0.11,0.159,0,0.1,0.8,0,0,0.1,9458989
Food Prices for Nutrition 1.0,FPN 1.0,Belarus,BLR,2018,YR2018,..,3.261,..,..,..,..,3.228,..,..,..,..,..,..,..,..,..,..,..,..,..,..,..,..,..,..,..,..,..,..,0.5,..,..,0,9438785
Food Prices for Nutrition 1.0,FPN 1.0,Belarus,BLR,2019,YR2019,..,3.343,..,..,..,..,3.31,..,..,..,..,..,..,..,..,..,..,..,..,..,..,..,..,..,..,..,..,..,..,0.3,..,..,0,9419758
Food Prices for Nutrition 1.0,FPN 1.0,Belarus,BLR,2020,YR2020,..,3.343,..,..,..,..,3.31,..,..,..,..,..,..,..,..,..,..,..,..,..,..,..,..,..,..,..,..,..,..,0.2,..,..,0,9379952
Food Prices for Nutrition 1.0,FPN 1.0,Belarus,BLR,2021,YR2021,..,..,..,..,..,..,..,..,..,..,..,..,..,..,..,..,..,..,..,..,..,..,..,..,..,..,..,..,..,..,..,..,..,..
Food Prices for Nutrition 1.0,FPN 1.0,Belgium,BEL,2017,YR2017,0.347,2.891,0.291,2.43,0.032,0.266,2.862,10.88,2.406,0.263,0.745,3.36,0.79,3.56,0.369,1.66,0.06,0.27,0.222,0.677,3.05,0.26,0.276,0.129,0.021,0.237,0.078,0.1,0.3,0.3,0,0,0,11375158
Food Prices for Nutrition 1.0,FPN 1.0,Belgium,BEL,2018,YR2018,..,2.992,..,..,..,..,2.962,..,..,..,..,..,..,..,..,..,..,..,..,..,..,..,..,..,..,..,..,..,..,0.2,..,..,0,11427054
Food Prices for Nutrition 1.0,FPN 1.0,Belgium,BEL,2019,YR2019,..,2.973,..,..,..,..,2.943,..,..,..,..,..,..,..,..,..,..,..,..,..,..,..,..,..,..,..,..,..,..,0.2,..,..,0,11488980
Food Prices for Nutrition 1.0,FPN 1.0,Belgium,BEL,2020,YR2020,..,3.162,..,..,..,..,3.13,..,..,..,..,..,..,..,..,..,..,..,..,..,..,..,..,..,..,..,..,..,..,0.2,..,..,0,11555997
Food Prices for Nutrition 1.0,FPN 1.0,Belgium,BEL,2021,YR2021,..,..,..,..,..,..,..,..,..,..,..,..,..,..,..,..,..,..,..,..,..,..,..,..,..,..,..,..,..,..,..,..,..,..
Food Prices for Nutrition 1.0,FPN 1.0,Belize,BLZ,2017,YR2017,1.009,2.501,1.143,2.831,0.461,1.141,2.476,2.19,2.803,1.13,0.776,2.04,0.162,0.43,0.224,0.59,0.129,0.34,0.38,0.805,2.12,0.313,0.065,0.09,0.052,0.325,0.153,13.9,45.5,39.4,0.1,0.2,0.1,375775
Food Prices for Nutrition 1.0,FPN 1.0,Belize,BLZ,2018,YR2018,..,2.344,..,..,..,..,2.321,..,..,..,..,..,..,..,..,..,..,..,..,..,..,..,..,..,..,..,..,..,..,37.4,..,..,0.1,383071
Food Prices for Nutrition 1.0,FPN 1.0,Belize,BLZ,2019,YR2019,..,2.243,..,..,..,..,2.221,..,..,..,..,..,..,..,..,..,..,..,..,..,..,..,..,..,..,..,..,..,..,37,..,..,0.1,390351
Food Prices for Nutrition 1.0,FPN 1.0,Belize,BLZ,2020,YR2020,..,2.162,..,..,..,..,2.14,..,..,..,..,..,..,..,..,..,..,..,..,..,..,..,..,..,..,..,..,..,..,36.4,..,..,0.1,397621
Food Prices for Nutrition 1.0,FPN 1.0,Belize,BLZ,2021,YR2021,..,..,..,..,..,..,..,..,..,..,..,..,..,..,..,..,..,..,..,..,..,..,..,..,..,..,..,..,..,..,..,..,..,..
Food Prices for Nutrition 1.0,FPN 1.0,Benin,BEN,2017,YR2017,1.721,3.586,1.211,2.523,0.316,0.659,3.55,5.44,2.498,0.652,1.168,2.85,0.538,1.31,0.297,0.72,0.125,0.3,0.41,1.012,2.47,0.329,0.152,0.084,0.035,0.285,0.115,13.9,82.3,90.7,1.5,9.2,10.1,11175192
Food Prices for Nutrition 1.0,FPN 1.0,Benin,BEN,2018,YR2018,..,3.707,..,..,..,..,3.67,..,..,..,..,..,..,..,..,..,..,..,..,..,..,..,..,..,..,..,..,..,..,87.1,..,..,10,11485035
Food Prices for Nutrition 1.0,FPN 1.0,Benin,BEN,2019,YR2019,..,3.701,..,..,..,..,3.664,..,..,..,..,..,..,..,..,..,..,..,..,..,..,..,..,..,..,..,..,..,..,82.9,..,..,9.8,11801151
Food Prices for Nutrition 1.0,FPN 1.0,Benin,BEN,2020,YR2020,..,3.744,..,..,..,..,3.707,..,..,..,..,..,..,..,..,..,..,..,..,..,..,..,..,..,..,..,..,..,..,82.9,..,..,10.1,12123198
Food Prices for Nutrition 1.0,FPN 1.0,Benin,BEN,2021,YR2021,..,..,..,..,..,..,..,..,..,..,..,..,..,..,..,..,..,..,..,..,..,..,..,..,..,..,..,..,..,..,..,..,..,..
Food Prices for Nutrition 1.0,FPN 1.0,Bermuda,BMU,2017,YR2017,0.387,4.113,0.447,4.754,0.104,1.11,4.072,3.71,4.706,1.099,0.502,0.68,0.478,0.64,0.53,0.71,0.165,0.22,0.743,1.652,2.22,0.123,0.117,0.13,0.041,0.406,0.182,..,..,..,..,..,..,63873
Food Prices for Nutrition 1.0,FPN 1.0,Bermuda,BMU,2018,YR2018,..,3.881,..,..,..,..,3.842,..,..,..,..,..,..,..,..,..,..,..,..,..,..,..,..,..,..,..,..,..,..,..,..,..,..,63919
Food Prices for Nutrition 1.0,FPN 1.0,Bermuda,BMU,2019,YR2019,..,3.826,..,..,..,..,3.788,..,..,..,..,..,..,..,..,..,..,..,..,..,..,..,..,..,..,..,..,..,..,..,..,..,..,63913
Food Prices for Nutrition 1.0,FPN 1.0,Bermuda,BMU,2020,YR2020,..,3.653,..,..,..,..,3.616,..,..,..,..,..,..,..,..,..,..,..,..,..,..,..,..,..,..,..,..,..,..,..,..,..,..,63903
Food Prices for Nutrition 1.0,FPN 1.0,Bermuda,BMU,2021,YR2021,..,..,..,..,..,..,..,..,..,..,..,..,..,..,..,..,..,..,..,..,..,..,..,..,..,..,..,..,..,..,..,..,..,..
Food Prices for Nutrition 1.0,FPN 1.0,Bhutan,BTN,2017,YR2017,0.753,4.427,0.481,2.83,0.18,1.058,4.383,4.19,2.802,1.047,1.191,2.21,1.122,2.08,0.427,0.79,0.164,0.3,0.54,0.94,1.74,0.272,0.256,0.097,0.037,0.214,0.123,1.3,32.7,57.6,0,0.2,0.4,745563
Food Prices for Nutrition 1.0,FPN 1.0,Bhutan,BTN,2018,YR2018,..,4.633,..,..,..,..,4.587,..,..,..,..,..,..,..,..,..,..,..,..,..,..,..,..,..,..,..,..,..,..,52.2,..,..,0.4,754396
Food Prices for Nutrition 1.0,FPN 1.0,Bhutan,BTN,2019,YR2019,..,4.76,..,..,..,..,4.712,..,..,..,..,..,..,..,..,..,..,..,..,..,..,..,..,..,..,..,..,..,..,50,..,..,0.4,763094
Food Prices for Nutrition 1.0,FPN 1.0,Bhutan,BTN,2020,YR2020,..,5.08,..,..,..,..,5.029,..,..,..,..,..,..,..,..,..,..,..,..,..,..,..,..,..,..,..,..,..,..,53,..,..,0.4,771612
Food Prices for Nutrition 1.0,FPN 1.0,Bhutan,BTN,2021,YR2021,..,..,..,..,..,..,..,..,..,..,..,..,..,..,..,..,..,..,..,..,..,..,..,..,..,..,..,..,..,..,..,..,..,..
Food Prices for Nutrition 1.0,FPN 1.0,Bolivia,BOL,2017,YR2017,0.624,3.587,0.586,3.372,0.258,1.483,3.551,2.42,3.338,1.468,1.046,1.34,0.411,0.53,0.53,0.68,0.14,0.18,0.781,0.644,0.82,0.295,0.116,0.149,0.039,0.181,0.22,9.3,28,30.2,1,3.1,3.4,11192853
Food Prices for Nutrition 1.0,FPN 1.0,Bolivia,BOL,2018,YR2018,..,3.685,..,..,..,..,3.648,..,..,..,..,..,..,..,..,..,..,..,..,..,..,..,..,..,..,..,..,..,..,28.6,..,..,3.3,11353140
Food Prices for Nutrition 1.0,FPN 1.0,Bolivia,BOL,2019,YR2019,..,3.807,..,..,..,..,3.769,..,..,..,..,..,..,..,..,..,..,..,..,..,..,..,..,..,..,..,..,..,..,25.4,..,..,2.9,11513102
Food Prices for Nutrition 1.0,FPN 1.0,Bolivia,BOL,2020,YR2020,..,3.793,..,..,..,..,3.755,..,..,..,..,..,..,..,..,..,..,..,..,..,..,..,..,..,..,..,..,..,..,24.7,..,..,2.9,11673029
Food Prices for Nutrition 1.0,FPN 1.0,Bolivia,BOL,2021,YR2021,..,..,..,..,..,..,..,..,..,..,..,..,..,..,..,..,..,..,..,..,..,..,..,..,..,..,..,..,..,..,..,..,..,..
Food Prices for Nutrition 1.0,FPN 1.0,Bonaire,BON,2017,YR2017,..,..,1.002,3.363,0.225,0.754,..,..,3.329,0.746,..,..,..,..,..,..,..,..,..,..,..,..,..,..,..,..,..,..,..,..,..,..,..,..
Food Prices for Nutrition 1.0,FPN 1.0,Bonaire,BON,2018,YR2018,..,..,..,..,..,..,..,..,..,..,..,..,..,..,..,..,..,..,..,..,..,..,..,..,..,..,..,..,..,..,..,..,..,..
Food Prices for Nutrition 1.0,FPN 1.0,Bonaire,BON,2019,YR2019,..,..,..,..,..,..,..,..,..,..,..,..,..,..,..,..,..,..,..,..,..,..,..,..,..,..,..,..,..,..,..,..,..,..
Food Prices for Nutrition 1.0,FPN 1.0,Bonaire,BON,2020,YR2020,..,..,..,..,..,..,..,..,..,..,..,..,..,..,..,..,..,..,..,..,..,..,..,..,..,..,..,..,..,..,..,..,..,..
Food Prices for Nutrition 1.0,FPN 1.0,Bonaire,BON,2021,YR2021,..,..,..,..,..,..,..,..,..,..,..,..,..,..,..,..,..,..,..,..,..,..,..,..,..,..,..,..,..,..,..,..,..,..
Food Prices for Nutrition 1.0,FPN 1.0,Bosnia and Herzegovina,BIH,2017,YR2017,0.487,3.886,0.386,3.082,0.087,0.698,3.847,5.57,3.051,0.691,0.921,1.71,0.916,1.7,0.512,0.95,0.132,0.24,0.54,0.825,1.53,0.239,0.238,0.133,0.034,0.214,0.14,0,2.3,4.6,0,0.1,0.2,3351534
Food Prices for Nutrition 1.0,FPN 1.0,Bosnia and Herzegovina,BIH,2018,YR2018,..,3.929,..,..,..,..,3.89,..,..,..,..,..,..,..,..,..,..,..,..,..,..,..,..,..,..,..,..,..,..,4,..,..,0.1,3323929
Food Prices for Nutrition 1.0,FPN 1.0,Bosnia and Herzegovina,BIH,2019,YR2019,..,3.934,..,..,..,..,3.895,..,..,..,..,..,..,..,..,..,..,..,..,..,..,..,..,..,..,..,..,..,..,3.6,..,..,0.1,3300998
Food Prices for Nutrition 1.0,FPN 1.0,Bosnia and Herzegovina,BIH,2020,YR2020,..,4.035,..,..,..,..,3.995,..,..,..,..,..,..,..,..,..,..,..,..,..,..,..,..,..,..,..,..,..,..,3.7,..,..,0.1,3280815
Food Prices for Nutrition 1.0,FPN 1.0,Bosnia and Herzegovina,BIH,2021,YR2021,..,..,..,..,..,..,..,..,..,..,..,..,..,..,..,..,..,..,..,..,..,..,..,..,..,..,..,..,..,..,..,..,..,..
Food Prices for Nutrition 1.0,FPN 1.0,Botswana,BWA,2017,YR2017,0.274,3.659,0.17,2.273,0.038,0.51,3.622,7.17,2.25,0.505,1.097,2.81,0.795,2.04,0.402,1.03,0.142,0.36,0.39,0.796,2.04,0.303,0.219,0.111,0.039,0.22,0.108,1.4,45.1,63.8,0,1,1.4,2205076
Food Prices for Nutrition 1.0,FPN 1.0,Botswana,BWA,2018,YR2018,..,3.611,..,..,..,..,3.575,..,..,..,..,..,..,..,..,..,..,..,..,..,..,..,..,..,..,..,..,..,..,61.5,..,..,1.4,2254067
Food Prices for Nutrition 1.0,FPN 1.0,Botswana,BWA,2019,YR2019,..,3.627,..,..,..,..,3.591,..,..,..,..,..,..,..,..,..,..,..,..,..,..,..,..,..,..,..,..,..,..,60.8,..,..,1.4,2303703
Food Prices for Nutrition 1.0,FPN 1.0,Botswana,BWA,2020,YR2020,..,3.738,..,..,..,..,3.701,..,..,..,..,..,..,..,..,..,..,..,..,..,..,..,..,..,..,..,..,..,..,61.4,..,..,1.4,2351625
Food Prices for Nutrition 1.0,FPN 1.0,Botswana,BWA,2021,YR2021,..,..,..,..,..,..,..,..,..,..,..,..,..,..,..,..,..,..,..,..,..,..,..,..,..,..,..,..,..,..,..,..,..,..
Food Prices for Nutrition 1.1,FPN 1.1,Albania,ALB,2017,YR2017,0.425,3.529,0.266,2.206,0.078,0.647,3.952,5.45,2.471,0.725,1.204,2.01,0.911,1.52,0.441,0.74,0.089,0.15,0.599,0.707,1.18,0.305,0.231,0.112,0.023,0.179,0.152,0,8.9,31.3,0,0.3,0.9,2873457
Food Prices for Nutrition 1.1,FPN 1.1,Albania,ALB,2018,YR2018,..,3.617,..,..,..,..,4.051,..,..,..,..,..,..,..,..,..,..,..,..,..,..,..,..,..,..,..,..,..,..,22.8,..,..,0.7,2866376
Food Prices for Nutrition 1.1,FPN 1.1,Albania,ALB,2019,YR2019,..,3.676,..,..,..,..,4.117,..,..,..,..,..,..,..,..,..,..,..,..,..,..,..,..,..,..,..,..,..,..,14.9,..,..,0.4,2854191
Food Prices for Nutrition 1.1,FPN 1.1,Albania,ALB,2020,YR2020,..,3.747,..,..,..,..,4.197,..,..,..,..,..,..,..,..,..,..,..,..,..,..,..,..,..,..,..,..,..,..,15.2,..,..,0.4,2837849
Food Prices for Nutrition 1.1,FPN 1.1,Albania,ALB,2021,YR2021,..,..,..,..,..,..,..,..,..,..,..,..,..,..,..,..,..,..,..,..,..,..,..,..,..,..,..,..,..,..,..,..,..,..
Food Prices for Nutrition 1.1,FPN 1.1,Algeria,DZA,2017,YR2017,0.605,3.36,0.374,2.074,0.124,0.69,3.763,4.87,2.323,0.773,0.964,1.94,0.979,1.97,0.493,0.99,0.132,0.27,0.496,0.699,1.41,0.256,0.26,0.131,0.035,0.186,0.132,0.1,6.3,32.7,0.1,2.6,13.5,41136546
Food Prices for Nutrition 1.1,FPN 1.1,Algeria,DZA,2018,YR2018,..,3.413,..,..,..,..,3.822,..,..,..,..,..,..,..,..,..,..,..,..,..,..,..,..,..,..,..,..,..,..,31.5,..,..,13.2,41927007
Food Prices for Nutrition 1.1,FPN 1.1,Algeria,DZA,2019,YR2019,..,3.389,..,..,..,..,3.796,..,..,..,..,..,..,..,..,..,..,..,..,..,..,..,..,..,..,..,..,..,..,29.5,..,..,12.4,42705368
Food Prices for Nutrition 1.1,FPN 1.1,Algeria,DZA,2020,YR2020,..,3.357,..,..,..,..,3.76,..,..,..,..,..,..,..,..,..,..,..,..,..,..,..,..,..,..,..,..,..,..,27.9,..,..,11.7,43451666
Food Prices for Nutrition 1.1,FPN 1.1,Algeria,DZA,2021,YR2021,..,..,..,..,..,..,..,..,..,..,..,..,..,..,..,..,..,..,..,..,..,..,..,..,..,..,..,..,..,..,..,..,..,..
Food Prices for Nutrition 1.1,FPN 1.1,Angola,AGO,2017,YR2017,0.972,3.863,0.726,2.885,0.315,1.253,4.327,3.08,3.231,1.403,1.011,1.21,0.717,0.85,0.395,0.47,0.166,0.2,0.839,1.199,1.43,0.234,0.166,0.091,0.038,0.277,0.194,35.6,70.8,81.2,10.8,21.4,24.5,30208628
Food Prices for Nutrition 1.1,FPN 1.1,Angola,AGO,2018,YR2018,..,3.833,..,..,..,..,4.293,..,..,..,..,..,..,..,..,..,..,..,..,..,..,..,..,..,..,..,..,..,..,82.7,..,..,25.9,31273533
Food Prices for Nutrition 1.1,FPN 1.1,Angola,AGO,2019,YR2019,..,3.886,..,..,..,..,4.352,..,..,..,..,..,..,..,..,..,..,..,..,..,..,..,..,..,..,..,..,..,..,83.8,..,..,26.2,32353588
Food Prices for Nutrition 1.1,FPN 1.1,Angola,AGO,2020,YR2020,..,4.048,..,..,..,..,4.534,..,..,..,..,..,..,..,..,..,..,..,..,..,..,..,..,..,..,..,..,..,..,84.7,..,..,26.5,33428486
Food Prices for Nutrition 1.1,FPN 1.1,Angola,AGO,2021,YR2021,..,..,..,..,..,..,..,..,..,..,..,..,..,..,..,..,..,..,..,..,..,..,..,..,..,..,..,..,..,..,..,..,..,..
Food Prices for Nutrition 1.1,FPN 1.1,Anguilla,AIA,2017,YR2017,0.577,3.319,0.378,2.172,0.203,1.168,3.717,2.84,2.433,1.308,0.647,0.83,0.811,1.04,0.328,0.42,0.134,0.17,0.778,1.019,1.31,0.174,0.218,0.088,0.036,0.274,0.209,..,..,..,..,..,..,..
Food Prices for Nutrition 1.1,FPN 1.1,Anguilla,AIA,2018,YR2018,..,..,..,..,..,..,..,..,..,..,..,..,..,..,..,..,..,..,..,..,..,..,..,..,..,..,..,..,..,..,..,..,..,..
Food Prices for Nutrition 1.1,FPN 1.1,Anguilla,AIA,2019,YR2019,..,..,..,..,..,..,..,..,..,..,..,..,..,..,..,..,..,..,..,..,..,..,..,..,..,..,..,..,..,..,..,..,..,..
Food Prices for Nutrition 1.1,FPN 1.1,Anguilla,AIA,2020,YR2020,..,..,..,..,..,..,..,..,..,..,..,..,..,..,..,..,..,..,..,..,..,..,..,..,..,..,..,..,..,..,..,..,..,..
Food Prices for Nutrition 1.1,FPN 1.1,Anguilla,AIA,2021,YR2021,..,..,..,..,..,..,..,..,..,..,..,..,..,..,..,..,..,..,..,..,..,..,..,..,..,..,..,..,..,..,..,..,..,..
Food Prices for Nutrition 1.1,FPN 1.1,Antigua and Barbuda,ATG,2017,YR2017,0.767,3.671,0.563,2.694,0.174,0.833,4.112,4.41,3.017,0.933,0.682,1.13,1.003,1.66,0.429,0.71,0.115,0.19,0.604,1.279,2.12,0.166,0.244,0.104,0.028,0.311,0.147,..,..,..,..,..,..,91119
Food Prices for Nutrition 1.1,FPN 1.1,Antigua and Barbuda,ATG,2018,YR2018,..,3.841,..,..,..,..,4.302,..,..,..,..,..,..,..,..,..,..,..,..,..,..,..,..,..,..,..,..,..,..,..,..,..,..,91626
Food Prices for Nutrition 1.1,FPN 1.1,Antigua and Barbuda,ATG,2019,YR2019,..,3.921,..,..,..,..,4.391,..,..,..,..,..,..,..,..,..,..,..,..,..,..,..,..,..,..,..,..,..,..,..,..,..,..,92117
Food Prices for Nutrition 1.1,FPN 1.1,Antigua and Barbuda,ATG,2020,YR2020,..,4.021,..,..,..,..,4.504,..,..,..,..,..,..,..,..,..,..,..,..,..,..,..,..,..,..,..,..,..,..,..,..,..,..,92664
Food Prices for Nutrition 1.1,FPN 1.1,Antigua and Barbuda,ATG,2021,YR2021,..,..,..,..,..,..,..,..,..,..,..,..,..,..,..,..,..,..,..,..,..,..,..,..,..,..,..,..,..,..,..,..,..,..
Food Prices for Nutrition 1.1,FPN 1.1,Argentina,ARG,2017,YR2017,0.395,2.983,0.31,2.344,0.077,0.582,3.341,5.12,2.625,0.652,0.669,1.44,0.733,1.58,0.656,1.42,0.117,0.25,0.463,0.703,1.52,0.2,0.219,0.196,0.035,0.21,0.139,0.2,4,6.8,0.1,1.8,3,44044811
Food Prices for Nutrition 1.1,FPN 1.1,Argentina,ARG,2018,YR2018,..,..,..,..,..,..,..,..,..,..,..,..,..,..,..,..,..,..,..,..,..,..,..,..,..,..,..,..,..,..,..,..,..,..
Food Prices for Nutrition 1.1,FPN 1.1,Argentina,ARG,2019,YR2019,..,..,..,..,..,..,..,..,..,..,..,..,..,..,..,..,..,..,..,..,..,..,..,..,..,..,..,..,..,..,..,..,..,..
Food Prices for Nutrition 1.1,FPN 1.1,Argentina,ARG,2020,YR2020,..,..,..,..,..,..,..,..,..,..,..,..,..,..,..,..,..,..,..,..,..,..,..,..,..,..,..,..,..,..,..,..,..,..
Food Prices for Nutrition 1.1,FPN 1.1,Argentina,ARG,2021,YR2021,..,..,..,..,..,..,..,..,..,..,..,..,..,..,..,..,..,..,..,..,..,..,..,..,..,..,..,..,..,..,..,..,..,..
Food Prices for Nutrition 1.1,FPN 1.1,Armenia,ARM,2017,YR2017,0.27,2.764,0.192,1.971,0.088,0.904,3.096,3.06,2.208,1.013,0.973,1.81,0.488,0.91,0.541,1.01,0.123,0.23,0.537,0.433,0.81,0.314,0.158,0.175,0.04,0.14,0.173,0.5,14.3,37.1,0,0.4,1.1,2851923
Food Prices for Nutrition 1.1,FPN 1.1,Armenia,ARM,2018,YR2018,..,2.827,..,..,..,..,3.166,..,..,..,..,..,..,..,..,..,..,..,..,..,..,..,..,..,..,..,..,..,..,37.9,..,..,1.1,2836557
Food Prices for Nutrition 1.1,FPN 1.1,Armenia,ARM,2019,YR2019,..,2.89,..,..,..,..,3.237,..,..,..,..,..,..,..,..,..,..,..,..,..,..,..,..,..,..,..,..,..,..,40,..,..,1.1,2820602
Food Prices for Nutrition 1.1,FPN 1.1,Armenia,ARM,2020,YR2020,..,2.899,..,..,..,..,3.247,..,..,..,..,..,..,..,..,..,..,..,..,..,..,..,..,..,..,..,..,..,..,39.5,..,..,1.1,2805608
Food Prices for Nutrition 1.1,FPN 1.1,Armenia,ARM,2021,YR2021,..,..,..,..,..,..,..,..,..,..,..,..,..,..,..,..,..,..,..,..,..,..,..,..,..,..,..,..,..,..,..,..,..,..
Food Prices for Nutrition 1.1,FPN 1.1,Aruba,ABW,2017,YR2017,0.723,3.052,0.6,2.531,0.239,1.009,3.418,3.02,2.835,1.13,0.718,0.9,0.475,0.6,0.407,0.51,0.115,0.14,0.797,0.907,1.14,0.21,0.139,0.119,0.034,0.265,0.233,..,..,..,..,..,..,105439
Food Prices for Nutrition 1.1,FPN 1.1,Aruba,ABW,2018,YR2018,..,3.232,..,..,..,..,3.62,..,..,..,..,..,..,..,..,..,..,..,..,..,..,..,..,..,..,..,..,..,..,..,..,..,..,105962
Food Prices for Nutrition 1.1,FPN 1.1,Aruba,ABW,2019,YR2019,..,3.488,..,..,..,..,3.907,..,..,..,..,..,..,..,..,..,..,..,..,..,..,..,..,..,..,..,..,..,..,..,..,..,..,106442
Food Prices for Nutrition 1.1,FPN 1.1,Aruba,ABW,2020,YR2020,..,3.695,..,..,..,..,4.138,..,..,..,..,..,..,..,..,..,..,..,..,..,..,..,..,..,..,..,..,..,..,..,..,..,..,106585
Food Prices for Nutrition 1.1,FPN 1.1,Aruba,ABW,2021,YR2021,..,..,..,..,..,..,..,..,..,..,..,..,..,..,..,..,..,..,..,..,..,..,..,..,..,..,..,..,..,..,..,..,..,..
Food Prices for Nutrition 1.1,FPN 1.1,Australia,AUS,2017,YR2017,0.333,2.017,0.235,1.424,0.045,0.274,2.259,7.36,1.595,0.307,0.458,2.07,0.667,3.02,0.249,1.13,0.067,0.3,0.221,0.597,2.7,0.203,0.295,0.11,0.03,0.264,0.098,0.2,0.5,0.7,0.1,0.1,0.2,24594202
Food Prices for Nutrition 1.1,FPN 1.1,Australia,AUS,2018,YR2018,..,2.029,..,..,..,..,2.273,..,..,..,..,..,..,..,..,..,..,..,..,..,..,..,..,..,..,..,..,..,..,0.7,..,..,0.2,24966643
Food Prices for Nutrition 1.1,FPN 1.1,Australia,AUS,2019,YR2019,..,2.076,..,..,..,..,2.325,..,..,..,..,..,..,..,..,..,..,..,..,..,..,..,..,..,..,..,..,..,..,0.7,..,..,0.2,25340217
Food Prices for Nutrition 1.1,FPN 1.1,Australia,AUS,2020,YR2020,..,2.287,..,..,..,..,2.561,..,..,..,..,..,..,..,..,..,..,..,..,..,..,..,..,..,..,..,..,..,..,0.7,..,..,0.2,25655289
Food Prices for Nutrition 1.1,FPN 1.1,Australia,AUS,2021,YR2021,..,..,..,..,..,..,..,..,..,..,..,..,..,..,..,..,..,..,..,..,..,..,..,..,..,..,..,..,..,..,..,..,..,..
Food Prices for Nutrition 1.1,FPN 1.1,Austria,AUT,2017,YR2017,0.39,2.475,0.318,2.014,0.049,0.309,2.772,8.01,2.256,0.346,0.612,2.67,0.819,3.58,0.36,1.57,0.055,0.24,0.229,0.698,3.05,0.221,0.295,0.13,0.02,0.252,0.083,0.2,0.5,0.6,0,0,0.1,8797566
Food Prices for Nutrition 1.1,FPN 1.1,Austria,AUT,2018,YR2018,..,2.543,..,..,..,..,2.848,..,..,..,..,..,..,..,..,..,..,..,..,..,..,..,..,..,..,..,..,..,..,0.8,..,..,0.1,8840521
Food Prices for Nutrition 1.1,FPN 1.1,Austria,AUT,2019,YR2019,..,2.516,..,..,..,..,2.818,..,..,..,..,..,..,..,..,..,..,..,..,..,..,..,..,..,..,..,..,..,..,0.8,..,..,0.1,8879920
Food Prices for Nutrition 1.1,FPN 1.1,Austria,AUT,2020,YR2020,..,2.662,..,..,..,..,2.981,..,..,..,..,..,..,..,..,..,..,..,..,..,..,..,..,..,..,..,..,..,..,0.8,..,..,0.1,8916864
Food Prices for Nutrition 1.1,FPN 1.1,Austria,AUT,2021,YR2021,..,..,..,..,..,..,..,..,..,..,..,..,..,..,..,..,..,..,..,..,..,..,..,..,..,..,..,..,..,..,..,..,..,..
Food Prices for Nutrition 1.1,FPN 1.1,Azerbaijan,AZE,2017,YR2017,0.288,2.096,0.225,1.639,0.097,0.704,2.348,2.98,1.836,0.789,0.729,1.63,0.26,0.58,0.463,1.03,0.132,0.29,0.448,0.317,0.71,0.31,0.111,0.197,0.056,0.135,0.191,0,0,0,0,0,0,9854033
Food Prices for Nutrition 1.1,FPN 1.1,Azerbaijan,AZE,2018,YR2018,..,2.142,..,..,..,..,2.399,..,..,..,..,..,..,..,..,..,..,..,..,..,..,..,..,..,..,..,..,..,..,0,..,..,0,9939771
Food Prices for Nutrition 1.1,FPN 1.1,Azerbaijan,AZE,2019,YR2019,..,2.196,..,..,..,..,2.459,..,..,..,..,..,..,..,..,..,..,..,..,..,..,..,..,..,..,..,..,..,..,0,..,..,0,10024283
Food Prices for Nutrition 1.1,FPN 1.1,Azerbaijan,AZE,2020,YR2020,..,2.262,..,..,..,..,2.533,..,..,..,..,..,..,..,..,..,..,..,..,..,..,..,..,..,..,..,..,..,..,0,..,..,0,10093121
Food Prices for Nutrition 1.1,FPN 1.1,Azerbaijan,AZE,2021,YR2021,..,..,..,..,..,..,..,..,..,..,..,..,..,..,..,..,..,..,..,..,..,..,..,..,..,..,..,..,..,..,..,..,..,..
Food Prices for Nutrition 1.1,FPN 1.1,"Bahamas, The",BHS,2017,YR2017,0.69,3.818,0.755,4.181,0.169,0.937,4.276,4.08,4.683,1.049,0.848,1.48,1.03,1.79,0.656,1.14,0.453,0.79,0.574,0.716,1.25,0.198,0.241,0.153,0.106,0.167,0.134,..,..,..,..,..,..,399020
Food Prices for Nutrition 1.1,FPN 1.1,"Bahamas, The",BHS,2018,YR2018,..,3.917,..,..,..,..,4.387,..,..,..,..,..,..,..,..,..,..,..,..,..,..,..,..,..,..,..,..,..,..,..,..,..,..,401906
Food Prices for Nutrition 1.1,FPN 1.1,"Bahamas, The",BHS,2019,YR2019,..,3.896,..,..,..,..,4.364,..,..,..,..,..,..,..,..,..,..,..,..,..,..,..,..,..,..,..,..,..,..,..,..,..,..,404557
Food Prices for Nutrition 1.1,FPN 1.1,"Bahamas, The",BHS,2020,YR2020,..,4.007,..,..,..,..,4.488,..,..,..,..,..,..,..,..,..,..,..,..,..,..,..,..,..,..,..,..,..,..,..,..,..,..,406471
Food Prices for Nutrition 1.1,FPN 1.1,"Bahamas, The",BHS,2021,YR2021,..,..,..,..,..,..,..,..,..,..,..,..,..,..,..,..,..,..,..,..,..,..,..,..,..,..,..,..,..,..,..,..,..,..
Food Prices for Nutrition 1.1,FPN 1.1,Bahrain,BHR,2017,YR2017,0.492,3.017,0.412,2.526,0.115,0.707,3.379,4.27,2.829,0.792,1.006,1.54,0.474,0.73,0.373,0.57,0.185,0.28,0.653,0.688,1.05,0.298,0.14,0.11,0.055,0.204,0.193,..,..,..,..,..,..,1456834
Food Prices for Nutrition 1.1,FPN 1.1,Bahrain,BHR,2018,YR2018,..,3.092,..,..,..,..,3.463,..,..,..,..,..,..,..,..,..,..,..,..,..,..,..,..,..,..,..,..,..,..,..,..,..,..,1487340
Food Prices for Nutrition 1.1,FPN 1.1,Bahrain,BHR,2019,YR2019,..,3.19,..,..,..,..,3.573,..,..,..,..,..,..,..,..,..,..,..,..,..,..,..,..,..,..,..,..,..,..,..,..,..,..,1494188
Food Prices for Nutrition 1.1,FPN 1.1,Bahrain,BHR,2020,YR2020,..,3.424,..,..,..,..,3.835,..,..,..,..,..,..,..,..,..,..,..,..,..,..,..,..,..,..,..,..,..,..,..,..,..,..,1477469
Food Prices for Nutrition 1.1,FPN 1.1,Bahrain,BHR,2021,YR2021,..,..,..,..,..,..,..,..,..,..,..,..,..,..,..,..,..,..,..,..,..,..,..,..,..,..,..,..,..,..,..,..,..,..
Food Prices for Nutrition 1.1,FPN 1.1,Bangladesh,BGD,2017,YR2017,0.648,2.573,0.438,1.738,0.145,0.575,2.882,4.48,1.947,0.644,1.143,3.18,0.559,1.56,0.227,0.63,0.118,0.33,0.359,0.477,1.33,0.397,0.194,0.079,0.041,0.166,0.125,0.5,47.4,74.6,0.9,76.7,120.7,161793964
Food Prices for Nutrition 1.1,FPN 1.1,Bangladesh,BGD,2018,YR2018,..,2.653,..,..,..,..,2.971,..,..,..,..,..,..,..,..,..,..,..,..,..,..,..,..,..,..,..,..,..,..,71.4,..,..,116.8,163683958
Food Prices for Nutrition 1.1,FPN 1.1,Bangladesh,BGD,2019,YR2019,..,2.7,..,..,..,..,3.024,..,..,..,..,..,..,..,..,..,..,..,..,..,..,..,..,..,..,..,..,..,..,69.9,..,..,114.4,165516222
Food Prices for Nutrition 1.1,FPN 1.1,Bangladesh,BGD,2020,YR2020,..,2.736,..,..,..,..,3.064,..,..,..,..,..,..,..,..,..,..,..,..,..,..,..,..,..,..,..,..,..,..,70,..,..,114.5,167420951
Food Prices for Nutrition 1.1,FPN 1.1,Bangladesh,BGD,2021,YR2021,..,..,..,..,..,..,..,..,..,..,..,..,..,..,..,..,..,..,..,..,..,..,..,..,..,..,..,..,..,..,..,..,..,..
Food Prices for Nutrition 1.1,FPN 1.1,Barbados,BRB,2017,YR2017,..,..,0.542,1.988,0.218,0.8,..,..,2.226,0.896,..,..,..,..,..,..,..,..,..,..,..,..,..,..,..,..,..,..,..,..,..,..,..,279187
Food Prices for Nutrition 1.1,FPN 1.1,Barbados,BRB,2018,YR2018,..,..,..,..,..,..,..,..,..,..,..,..,..,..,..,..,..,..,..,..,..,..,..,..,..,..,..,..,..,..,..,..,..,..
Food Prices for Nutrition 1.1,FPN 1.1,Barbados,BRB,2019,YR2019,..,..,..,..,..,..,..,..,..,..,..,..,..,..,..,..,..,..,..,..,..,..,..,..,..,..,..,..,..,..,..,..,..,..
Food Prices for Nutrition 1.1,FPN 1.1,Barbados,BRB,2020,YR2020,..,..,..,..,..,..,..,..,..,..,..,..,..,..,..,..,..,..,..,..,..,..,..,..,..,..,..,..,..,..,..,..,..,..
Food Prices for Nutrition 1.1,FPN 1.1,Barbados,BRB,2021,YR2021,..,..,..,..,..,..,..,..,..,..,..,..,..,..,..,..,..,..,..,..,..,..,..,..,..,..,..,..,..,..,..,..,..,..
Food Prices for Nutrition 1.1,FPN 1.1,Belarus,BLR,2017,YR2017,0.378,2.837,0.257,1.929,0.095,0.714,3.177,3.97,2.161,0.8,0.826,1.63,0.678,1.34,0.643,1.27,0.174,0.34,0.506,0.349,0.69,0.26,0.213,0.202,0.055,0.11,0.159,0,0.2,2.1,0,0,0.2,9458989
Food Prices for Nutrition 1.1,FPN 1.1,Belarus,BLR,2018,YR2018,..,2.882,..,..,..,..,3.228,..,..,..,..,..,..,..,..,..,..,..,..,..,..,..,..,..,..,..,..,..,..,1.1,..,..,0.1,9438785
Food Prices for Nutrition 1.1,FPN 1.1,Belarus,BLR,2019,YR2019,..,2.955,..,..,..,..,3.31,..,..,..,..,..,..,..,..,..,..,..,..,..,..,..,..,..,..,..,..,..,..,1.4,..,..,0.1,9419758
Food Prices for Nutrition 1.1,FPN 1.1,Belarus,BLR,2020,YR2020,..,2.955,..,..,..,..,3.31,..,..,..,..,..,..,..,..,..,..,..,..,..,..,..,..,..,..,..,..,..,..,1.4,..,..,0.1,9379952
Food Prices for Nutrition 1.1,FPN 1.1,Belarus,BLR,2021,YR2021,..,..,..,..,..,..,..,..,..,..,..,..,..,..,..,..,..,..,..,..,..,..,..,..,..,..,..,..,..,..,..,..,..,..
Food Prices for Nutrition 1.1,FPN 1.1,Belgium,BEL,2017,YR2017,0.347,2.555,0.291,2.148,0.032,0.235,2.862,10.88,2.406,0.263,0.745,3.36,0.79,3.56,0.369,1.66,0.06,0.27,0.222,0.677,3.05,0.26,0.276,0.129,0.021,0.237,0.078,0.1,0.3,0.3,0,0,0,11375158
Food Prices for Nutrition 1.1,FPN 1.1,Belgium,BEL,2018,YR2018,..,2.645,..,..,..,..,2.962,..,..,..,..,..,..,..,..,..,..,..,..,..,..,..,..,..,..,..,..,..,..,0.2,..,..,0,11427054
Food Prices for Nutrition 1.1,FPN 1.1,Belgium,BEL,2019,YR2019,..,2.628,..,..,..,..,2.943,..,..,..,..,..,..,..,..,..,..,..,..,..,..,..,..,..,..,..,..,..,..,0.2,..,..,0,11488980
Food Prices for Nutrition 1.1,FPN 1.1,Belgium,BEL,2020,YR2020,..,2.795,..,..,..,..,3.13,..,..,..,..,..,..,..,..,..,..,..,..,..,..,..,..,..,..,..,..,..,..,0.2,..,..,0,11538604
Food Prices for Nutrition 1.1,FPN 1.1,Belgium,BEL,2021,YR2021,..,..,..,..,..,..,..,..,..,..,..,..,..,..,..,..,..,..,..,..,..,..,..,..,..,..,..,..,..,..,..,..,..,..
Food Prices for Nutrition 1.1,FPN 1.1,Belize,BLZ,2017,YR2017,1.009,2.211,1.143,2.503,0.461,1.009,2.476,2.19,2.803,1.13,0.776,2.04,0.162,0.43,0.224,0.59,0.129,0.34,0.38,0.805,2.12,0.313,0.065,0.09,0.052,0.325,0.153,17.6,53.2,47.4,0.1,0.2,0.2,374693
Food Prices for Nutrition 1.1,FPN 1.1,Belize,BLZ,2018,YR2018,..,2.072,..,..,..,..,2.321,..,..,..,..,..,..,..,..,..,..,..,..,..,..,..,..,..,..,..,..,..,..,45.3,..,..,0.2,382066
Food Prices for Nutrition 1.1,FPN 1.1,Belize,BLZ,2019,YR2019,..,1.983,..,..,..,..,2.221,..,..,..,..,..,..,..,..,..,..,..,..,..,..,..,..,..,..,..,..,..,..,44.4,..,..,0.2,389095
Food Prices for Nutrition 1.1,FPN 1.1,Belize,BLZ,2020,YR2020,..,1.911,..,..,..,..,2.14,..,..,..,..,..,..,..,..,..,..,..,..,..,..,..,..,..,..,..,..,..,..,43,..,..,0.2,394921
Food Prices for Nutrition 1.1,FPN 1.1,Belize,BLZ,2021,YR2021,..,..,..,..,..,..,..,..,..,..,..,..,..,..,..,..,..,..,..,..,..,..,..,..,..,..,..,..,..,..,..,..,..,..
Food Prices for Nutrition 1.1,FPN 1.1,Benin,BEN,2017,YR2017,1.721,3.17,1.211,2.23,0.316,0.582,3.55,5.44,2.498,0.652,1.168,2.85,0.538,1.31,0.297,0.72,0.125,0.3,0.41,1.012,2.47,0.329,0.152,0.084,0.035,0.285,0.115,13.5,81.7,90.5,1.6,9.5,10.5,11596779
Food Prices for Nutrition 1.1,FPN 1.1,Benin,BEN,2018,YR2018,..,3.277,..,..,..,..,3.67,..,..,..,..,..,..,..,..,..,..,..,..,..,..,..,..,..,..,..,..,..,..,86.7,..,..,10.4,11940683
Food Prices for Nutrition 1.1,FPN 1.1,Benin,BEN,2019,YR2019,..,3.271,..,..,..,..,3.664,..,..,..,..,..,..,..,..,..,..,..,..,..,..,..,..,..,..,..,..,..,..,82.4,..,..,9.8,12290444
Food Prices for Nutrition 1.1,FPN 1.1,Benin,BEN,2020,YR2020,..,3.31,..,..,..,..,3.707,..,..,..,..,..,..,..,..,..,..,..,..,..,..,..,..,..,..,..,..,..,..,82.4,..,..,9.8,12643123
Food Prices for Nutrition 1.1,FPN 1.1,Benin,BEN,2021,YR2021,..,..,..,..,..,..,..,..,..,..,..,..,..,..,..,..,..,..,..,..,..,..,..,..,..,..,..,..,..,..,..,..,..,..
Food Prices for Nutrition 1.1,FPN 1.1,Bermuda,BMU,2017,YR2017,0.387,3.636,0.447,4.202,0.104,0.981,4.072,3.71,4.706,1.099,0.502,0.68,0.478,0.64,0.53,0.71,0.165,0.22,0.743,1.652,2.22,0.123,0.117,0.13,0.041,0.406,0.182,..,..,..,..,..,..,63873
Food Prices for Nutrition 1.1,FPN 1.1,Bermuda,BMU,2018,YR2018,..,3.43,..,..,..,..,3.842,..,..,..,..,..,..,..,..,..,..,..,..,..,..,..,..,..,..,..,..,..,..,..,..,..,..,63918
Food Prices for Nutrition 1.1,FPN 1.1,Bermuda,BMU,2019,YR2019,..,3.382,..,..,..,..,3.788,..,..,..,..,..,..,..,..,..,..,..,..,..,..,..,..,..,..,..,..,..,..,..,..,..,..,63911
Food Prices for Nutrition 1.1,FPN 1.1,Bermuda,BMU,2020,YR2020,..,3.229,..,..,..,..,3.616,..,..,..,..,..,..,..,..,..,..,..,..,..,..,..,..,..,..,..,..,..,..,..,..,..,..,63893
Food Prices for Nutrition 1.1,FPN 1.1,Bermuda,BMU,2021,YR2021,..,..,..,..,..,..,..,..,..,..,..,..,..,..,..,..,..,..,..,..,..,..,..,..,..,..,..,..,..,..,..,..,..,..
Food Prices for Nutrition 1.1,FPN 1.1,Bhutan,BTN,2017,YR2017,0.753,3.913,0.481,2.502,0.18,0.935,4.383,4.19,2.802,1.047,1.191,2.21,1.122,2.08,0.427,0.79,0.164,0.3,0.54,0.94,1.74,0.272,0.256,0.097,0.037,0.214,0.123,0.7,26.2,51.2,0,0.2,0.4,756121
Food Prices for Nutrition 1.1,FPN 1.1,Bhutan,BTN,2018,YR2018,..,4.096,..,..,..,..,4.587,..,..,..,..,..,..,..,..,..,..,..,..,..,..,..,..,..,..,..,..,..,..,45.1,..,..,0.3,762096
Food Prices for Nutrition 1.1,FPN 1.1,Bhutan,BTN,2019,YR2019,..,4.207,..,..,..,..,4.712,..,..,..,..,..,..,..,..,..,..,..,..,..,..,..,..,..,..,..,..,..,..,43,..,..,0.3,767459
Food Prices for Nutrition 1.1,FPN 1.1,Bhutan,BTN,2020,YR2020,..,4.49,..,..,..,..,5.029,..,..,..,..,..,..,..,..,..,..,..,..,..,..,..,..,..,..,..,..,..,..,46.1,..,..,0.4,772506
Food Prices for Nutrition 1.1,FPN 1.1,Bhutan,BTN,2021,YR2021,..,..,..,..,..,..,..,..,..,..,..,..,..,..,..,..,..,..,..,..,..,..,..,..,..,..,..,..,..,..,..,..,..,..
Food Prices for Nutrition 1.1,FPN 1.1,Bolivia,BOL,2017,YR2017,0.624,3.171,0.586,2.98,0.258,1.311,3.551,2.42,3.338,1.468,1.046,1.34,0.411,0.53,0.53,0.68,0.14,0.18,0.781,0.644,0.82,0.295,0.116,0.149,0.039,0.181,0.22,6.8,19.1,20.9,0.8,2.2,2.4,11435533
Food Prices for Nutrition 1.1,FPN 1.1,Bolivia,BOL,2018,YR2018,..,3.257,..,..,..,..,3.648,..,..,..,..,..,..,..,..,..,..,..,..,..,..,..,..,..,..,..,..,..,..,19.1,..,..,2.2,11606905
Food Prices for Nutrition 1.1,FPN 1.1,Bolivia,BOL,2019,YR2019,..,3.365,..,..,..,..,3.769,..,..,..,..,..,..,..,..,..,..,..,..,..,..,..,..,..,..,..,..,..,..,16,..,..,1.9,11777315
Food Prices for Nutrition 1.1,FPN 1.1,Bolivia,BOL,2020,YR2020,..,3.353,..,..,..,..,3.755,..,..,..,..,..,..,..,..,..,..,..,..,..,..,..,..,..,..,..,..,..,..,15.5,..,..,1.8,11936162
Food Prices for Nutrition 1.1,FPN 1.1,Bolivia,BOL,2021,YR2021,..,..,..,..,..,..,..,..,..,..,..,..,..,..,..,..,..,..,..,..,..,..,..,..,..,..,..,..,..,..,..,..,..,..
Food Prices for Nutrition 1.1,FPN 1.1,Bonaire,BON,2017,YR2017,..,..,1.002,2.972,0.225,0.666,..,..,3.329,0.746,..,..,..,..,..,..,..,..,..,..,..,..,..,..,..,..,..,..,..,..,..,..,..,..
Food Prices for Nutrition 1.1,FPN 1.1,Bonaire,BON,2018,YR2018,..,..,..,..,..,..,..,..,..,..,..,..,..,..,..,..,..,..,..,..,..,..,..,..,..,..,..,..,..,..,..,..,..,..
Food Prices for Nutrition 1.1,FPN 1.1,Bonaire,BON,2019,YR2019,..,..,..,..,..,..,..,..,..,..,..,..,..,..,..,..,..,..,..,..,..,..,..,..,..,..,..,..,..,..,..,..,..,..
Food Prices for Nutrition 1.1,FPN 1.1,Bonaire,BON,2020,YR2020,..,..,..,..,..,..,..,..,..,..,..,..,..,..,..,..,..,..,..,..,..,..,..,..,..,..,..,..,..,..,..,..,..,..
Food Prices for Nutrition 1.1,FPN 1.1,Bonaire,BON,2021,YR2021,..,..,..,..,..,..,..,..,..,..,..,..,..,..,..,..,..,..,..,..,..,..,..,..,..,..,..,..,..,..,..,..,..,..
Food Prices for Nutrition 1.1,FPN 1.1,Bosnia and Herzegovina,BIH,2017,YR2017,0.487,3.435,0.386,2.724,0.087,0.617,3.847,5.57,3.051,0.691,0.921,1.71,0.916,1.7,0.512,0.95,0.132,0.24,0.54,0.825,1.53,0.239,0.238,0.133,0.034,0.214,0.14,0,2.4,4.6,0,0.1,0.2,3440027
Food Prices for Nutrition 1.1,FPN 1.1,Bosnia and Herzegovina,BIH,2018,YR2018,..,3.473,..,..,..,..,3.89,..,..,..,..,..,..,..,..,..,..,..,..,..,..,..,..,..,..,..,..,..,..,4,..,..,0.1,3400129
Food Prices for Nutrition 1.1,FPN 1.1,Bosnia and Herzegovina,BIH,2019,YR2019,..,3.478,..,..,..,..,3.895,..,..,..,..,..,..,..,..,..,..,..,..,..,..,..,..,..,..,..,..,..,..,3.6,..,..,0.1,3360711
Food Prices for Nutrition 1.1,FPN 1.1,Bosnia and Herzegovina,BIH,2020,YR2020,..,3.567,..,..,..,..,3.995,..,..,..,..,..,..,..,..,..,..,..,..,..,..,..,..,..,..,..,..,..,..,3.7,..,..,0.1,3318407
Food Prices for Nutrition 1.1,FPN 1.1,Bosnia and Herzegovina,BIH,2021,YR2021,..,..,..,..,..,..,..,..,..,..,..,..,..,..,..,..,..,..,..,..,..,..,..,..,..,..,..,..,..,..,..,..,..,..
Food Prices for Nutrition 1.1,FPN 1.1,Botswana,BWA,2017,YR2017,0.274,3.234,0.17,2.009,0.038,0.451,3.622,7.17,2.25,0.505,1.097,2.81,0.795,2.04,0.402,1.03,0.142,0.36,0.39,0.796,2.04,0.303,0.219,0.111,0.039,0.22,0.108,1.3,44.3,63.2,0,1.1,1.5,2401840
Food Prices for Nutrition 1.1,FPN 1.1,Botswana,BWA,2018,YR2018,..,3.192,..,..,..,..,3.575,..,..,..,..,..,..,..,..,..,..,..,..,..,..,..,..,..,..,..,..,..,..,61,..,..,1.5,2451409
Food Prices for Nutrition 1.1,FPN 1.1,Botswana,BWA,2019,YR2019,..,3.206,..,..,..,..,3.591,..,..,..,..,..,..,..,..,..,..,..,..,..,..,..,..,..,..,..,..,..,..,60.1,..,..,1.5,2499702
Food Prices for Nutrition 1.1,FPN 1.1,Botswana,BWA,2020,YR2020,..,3.304,..,..,..,..,3.701,..,..,..,..,..,..,..,..,..,..,..,..,..,..,..,..,..,..,..,..,..,..,60.9,..,..,1.5,2546402
Food Prices for Nutrition 1.1,FPN 1.1,Botswana,BWA,2021,YR2021,..,..,..,..,..,..,..,..,..,..,..,..,..,..,..,..,..,..,..,..,..,..,..,..,..,..,..,..,..,..,..,..,..,..
Food Prices for Nutrition 2.0,FPN 2.0,Albania,ALB,2017,YR2017,0.425,3.529,0.266,2.206,0.078,0.647,3.952,5.45,2.471,0.725,1.204,2.01,0.911,1.52,0.441,0.74,0.089,0.15,0.599,0.707,1.18,0.305,0.231,0.112,0.023,0.179,0.152,0,8.9,31.3,0,0.3,0.9,2873457
Food Prices for Nutrition 2.0,FPN 2.0,Albania,ALB,2018,YR2018,..,3.633,..,..,..,..,4.069,..,..,..,..,..,..,..,..,..,..,..,..,..,..,..,..,..,..,..,..,..,..,23,..,..,0.7,2866376
Food Prices for Nutrition 2.0,FPN 2.0,Albania,ALB,2019,YR2019,..,3.805,..,..,..,..,4.262,..,..,..,..,..,..,..,..,..,..,..,..,..,..,..,..,..,..,..,..,..,..,22.2,..,..,0.6,2854191
Food Prices for Nutrition 2.0,FPN 2.0,Albania,ALB,2020,YR2020,..,3.821,..,..,..,..,4.28,..,..,..,..,..,..,..,..,..,..,..,..,..,..,..,..,..,..,..,..,..,..,19.9,..,..,0.6,2837849
Food Prices for Nutrition 2.0,FPN 2.0,Albania,ALB,2021,YR2021,..,3.918,..,..,..,..,4.388,..,..,..,..,..,..,..,..,..,..,..,..,..,..,..,..,..,..,..,..,..,..,15.9,..,..,0.4,2811666
Food Prices for Nutrition 2.0,FPN 2.0,Algeria,DZA,2017,YR2017,0.605,3.36,0.374,2.074,0.124,0.69,3.763,4.87,2.323,0.773,0.964,1.94,0.979,1.97,0.493,0.99,0.132,0.27,0.496,0.699,1.41,0.256,0.26,0.131,0.035,0.186,0.132,0.1,6.2,32.5,0.1,2.6,13.4,41136546
Food Prices for Nutrition 2.0,FPN 2.0,Algeria,DZA,2018,YR2018,..,3.413,..,..,..,..,3.822,..,..,..,..,..,..,..,..,..,..,..,..,..,..,..,..,..,..,..,..,..,..,31.2,..,..,13.1,41927007
Food Prices for Nutrition 2.0,FPN 2.0,Algeria,DZA,2019,YR2019,..,3.389,..,..,..,..,3.796,..,..,..,..,..,..,..,..,..,..,..,..,..,..,..,..,..,..,..,..,..,..,29.2,..,..,12.5,42705368
Food Prices for Nutrition 2.0,FPN 2.0,Algeria,DZA,2020,YR2020,..,3.357,..,..,..,..,3.76,..,..,..,..,..,..,..,..,..,..,..,..,..,..,..,..,..,..,..,..,..,..,31.1,..,..,13.5,43451666
Food Prices for Nutrition 2.0,FPN 2.0,Algeria,DZA,2021,YR2021,..,3.61,..,..,..,..,4.043,..,..,..,..,..,..,..,..,..,..,..,..,..,..,..,..,..,..,..,..,..,..,32.4,..,..,14.3,44177969
Food Prices for Nutrition 2.0,FPN 2.0,Angola,AGO,2017,YR2017,0.972,3.863,0.726,2.885,0.315,1.253,4.327,3.08,3.231,1.403,1.011,1.21,0.717,0.85,0.395,0.47,0.166,0.2,0.839,1.199,1.43,0.234,0.166,0.091,0.038,0.277,0.194,36,71.1,81.4,10.9,21.5,24.6,30208628
Food Prices for Nutrition 2.0,FPN 2.0,Angola,AGO,2018,YR2018,..,3.833,..,..,..,..,4.293,..,..,..,..,..,..,..,..,..,..,..,..,..,..,..,..,..,..,..,..,..,..,82.7,..,..,25.8,31273533
Food Prices for Nutrition 2.0,FPN 2.0,Angola,AGO,2019,YR2019,..,3.886,..,..,..,..,4.352,..,..,..,..,..,..,..,..,..,..,..,..,..,..,..,..,..,..,..,..,..,..,83.9,..,..,27.1,32353588
Food Prices for Nutrition 2.0,FPN 2.0,Angola,AGO,2020,YR2020,..,4.094,..,..,..,..,4.585,..,..,..,..,..,..,..,..,..,..,..,..,..,..,..,..,..,..,..,..,..,..,86.7,..,..,29,33428486
Food Prices for Nutrition 2.0,FPN 2.0,Angola,AGO,2021,YR2021,..,4.492,..,..,..,..,5.031,..,..,..,..,..,..,..,..,..,..,..,..,..,..,..,..,..,..,..,..,..,..,88.1,..,..,30.4,34503774
Food Prices for Nutrition 2.0,FPN 2.0,Anguilla,AIA,2017,YR2017,0.577,3.319,0.378,2.172,0.203,1.168,3.717,2.84,2.433,1.308,0.647,0.83,0.811,1.04,0.328,0.42,0.134,0.17,0.778,1.019,1.31,0.174,0.218,0.088,0.036,0.274,0.209,..,..,..,..,..,..,..
Food Prices for Nutrition 2.0,FPN 2.0,Anguilla,AIA,2018,YR2018,..,..,..,..,..,..,..,..,..,..,..,..,..,..,..,..,..,..,..,..,..,..,..,..,..,..,..,..,..,..,..,..,..,..
Food Prices for Nutrition 2.0,FPN 2.0,Anguilla,AIA,2019,YR2019,..,..,..,..,..,..,..,..,..,..,..,..,..,..,..,..,..,..,..,..,..,..,..,..,..,..,..,..,..,..,..,..,..,..
Food Prices for Nutrition 2.0,FPN 2.0,Anguilla,AIA,2020,YR2020,..,..,..,..,..,..,..,..,..,..,..,..,..,..,..,..,..,..,..,..,..,..,..,..,..,..,..,..,..,..,..,..,..,..
Food Prices for Nutrition 2.0,FPN 2.0,Anguilla,AIA,2021,YR2021,..,..,..,..,..,..,..,..,..,..,..,..,..,..,..,..,..,..,..,..,..,..,..,..,..,..,..,..,..,..,..,..,..,..
Food Prices for Nutrition 2.0,FPN 2.0,Antigua and Barbuda,ATG,2017,YR2017,0.767,3.671,0.563,2.694,0.174,0.833,4.112,4.41,3.017,0.933,0.682,1.13,1.003,1.66,0.429,0.71,0.115,0.19,0.604,1.279,2.12,0.166,0.244,0.104,0.028,0.311,0.147,..,..,..,..,..,..,91119
Food Prices for Nutrition 2.0,FPN 2.0,Antigua and Barbuda,ATG,2018,YR2018,..,3.841,..,..,..,..,4.302,..,..,..,..,..,..,..,..,..,..,..,..,..,..,..,..,..,..,..,..,..,..,..,..,..,..,91626
Food Prices for Nutrition 2.0,FPN 2.0,Antigua and Barbuda,ATG,2019,YR2019,..,3.921,..,..,..,..,4.391,..,..,..,..,..,..,..,..,..,..,..,..,..,..,..,..,..,..,..,..,..,..,..,..,..,..,92117
Food Prices for Nutrition 2.0,FPN 2.0,Antigua and Barbuda,ATG,2020,YR2020,..,4.021,..,..,..,..,4.504,..,..,..,..,..,..,..,..,..,..,..,..,..,..,..,..,..,..,..,..,..,..,..,..,..,..,92664
Food Prices for Nutrition 2.0,FPN 2.0,Antigua and Barbuda,ATG,2021,YR2021,..,4.182,..,..,..,..,4.684,..,..,..,..,..,..,..,..,..,..,..,..,..,..,..,..,..,..,..,..,..,..,..,..,..,..,93219
Food Prices for Nutrition 2.0,FPN 2.0,Argentina,ARG,2017,YR2017,0.395,2.983,0.31,2.344,0.077,0.582,3.341,5.12,2.625,0.652,0.669,1.44,0.733,1.58,0.656,1.42,0.117,0.25,0.463,0.703,1.52,0.2,0.219,0.196,0.035,0.21,0.139,0.2,4,6.8,0.1,1.8,3,44044811
Food Prices for Nutrition 2.0,FPN 2.0,Argentina,ARG,2018,YR2018,..,..,..,..,..,..,..,..,..,..,..,..,..,..,..,..,..,..,..,..,..,..,..,..,..,..,..,..,..,..,..,..,..,44494502
Food Prices for Nutrition 2.0,FPN 2.0,Argentina,ARG,2019,YR2019,..,..,..,..,..,..,..,..,..,..,..,..,..,..,..,..,..,..,..,..,..,..,..,..,..,..,..,..,..,..,..,..,..,44938712
Food Prices for Nutrition 2.0,FPN 2.0,Argentina,ARG,2020,YR2020,..,..,..,..,..,..,..,..,..,..,..,..,..,..,..,..,..,..,..,..,..,..,..,..,..,..,..,..,..,..,..,..,..,45376763
Food Prices for Nutrition 2.0,FPN 2.0,Argentina,ARG,2021,YR2021,..,..,..,..,..,..,..,..,..,..,..,..,..,..,..,..,..,..,..,..,..,..,..,..,..,..,..,..,..,..,..,..,..,45808747
Food Prices for Nutrition 2.0,FPN 2.0,Armenia,ARM,2017,YR2017,0.27,2.764,0.192,1.971,0.088,0.904,3.096,3.06,2.208,1.013,0.973,1.81,0.488,0.91,0.541,1.01,0.123,0.23,0.537,0.433,0.81,0.314,0.158,0.175,0.04,0.14,0.173,0.5,14.3,37.1,0,0.4,1.1,2851923
Food Prices for Nutrition 2.0,FPN 2.0,Armenia,ARM,2018,YR2018,..,2.827,..,..,..,..,3.166,..,..,..,..,..,..,..,..,..,..,..,..,..,..,..,..,..,..,..,..,..,..,37.9,..,..,1.1,2836557
Food Prices for Nutrition 2.0,FPN 2.0,Armenia,ARM,2019,YR2019,..,2.89,..,..,..,..,3.237,..,..,..,..,..,..,..,..,..,..,..,..,..,..,..,..,..,..,..,..,..,..,40,..,..,1.1,2820602
Food Prices for Nutrition 2.0,FPN 2.0,Armenia,ARM,2020,YR2020,..,2.899,..,..,..,..,3.247,..,..,..,..,..,..,..,..,..,..,..,..,..,..,..,..,..,..,..,..,..,..,39,..,..,1.1,2805608
Food Prices for Nutrition 2.0,FPN 2.0,Armenia,ARM,2021,YR2021,..,3.149,..,..,..,..,3.527,..,..,..,..,..,..,..,..,..,..,..,..,..,..,..,..,..,..,..,..,..,..,41.4,..,..,1.2,2790974
Food Prices for Nutrition 2.0,FPN 2.0,Aruba,ABW,2017,YR2017,0.723,3.052,0.6,2.531,0.239,1.009,3.418,3.02,2.835,1.13,0.718,0.9,0.475,0.6,0.407,0.51,0.115,0.14,0.797,0.907,1.14,0.21,0.139,0.119,0.034,0.265,0.233,..,..,..,..,..,..,105439
Food Prices for Nutrition 2.0,FPN 2.0,Aruba,ABW,2018,YR2018,..,3.232,..,..,..,..,3.62,..,..,..,..,..,..,..,..,..,..,..,..,..,..,..,..,..,..,..,..,..,..,..,..,..,..,105962
Food Prices for Nutrition 2.0,FPN 2.0,Aruba,ABW,2019,YR2019,..,3.488,..,..,..,..,3.907,..,..,..,..,..,..,..,..,..,..,..,..,..,..,..,..,..,..,..,..,..,..,..,..,..,..,106442
Food Prices for Nutrition 2.0,FPN 2.0,Aruba,ABW,2020,YR2020,..,3.578,..,..,..,..,4.007,..,..,..,..,..,..,..,..,..,..,..,..,..,..,..,..,..,..,..,..,..,..,..,..,..,..,106585
Food Prices for Nutrition 2.0,FPN 2.0,Aruba,ABW,2021,YR2021,..,3.675,..,..,..,..,4.116,..,..,..,..,..,..,..,..,..,..,..,..,..,..,..,..,..,..,..,..,..,..,..,..,..,..,106537
Food Prices for Nutrition 2.0,FPN 2.0,Australia,AUS,2017,YR2017,0.333,2.017,0.235,1.424,0.045,0.274,2.259,7.36,1.595,0.307,0.458,2.07,0.667,3.02,0.249,1.13,0.067,0.3,0.221,0.597,2.7,0.203,0.295,0.11,0.03,0.264,0.098,0.2,0.5,0.7,0.1,0.1,0.2,24594202
Food Prices for Nutrition 2.0,FPN 2.0,Australia,AUS,2018,YR2018,..,2.038,..,..,..,..,2.283,..,..,..,..,..,..,..,..,..,..,..,..,..,..,..,..,..,..,..,..,..,..,0.7,..,..,0.2,24966643
Food Prices for Nutrition 2.0,FPN 2.0,Australia,AUS,2019,YR2019,..,2.05,..,..,..,..,2.296,..,..,..,..,..,..,..,..,..,..,..,..,..,..,..,..,..,..,..,..,..,..,0.7,..,..,0.2,25340217
Food Prices for Nutrition 2.0,FPN 2.0,Australia,AUS,2020,YR2020,..,2.133,..,..,..,..,2.389,..,..,..,..,..,..,..,..,..,..,..,..,..,..,..,..,..,..,..,..,..,..,0.7,..,..,0.2,25655289
Food Prices for Nutrition 2.0,FPN 2.0,Australia,AUS,2021,YR2021,..,2.176,..,..,..,..,2.437,..,..,..,..,..,..,..,..,..,..,..,..,..,..,..,..,..,..,..,..,..,..,0.7,..,..,0.2,25688079
Food Prices for Nutrition 2.0,FPN 2.0,Austria,AUT,2017,YR2017,0.39,2.475,0.318,2.014,0.049,0.309,2.772,8.01,2.256,0.346,0.612,2.67,0.819,3.58,0.36,1.57,0.055,0.24,0.229,0.698,3.05,0.221,0.295,0.13,0.02,0.252,0.083,0.2,0.5,0.6,0,0,0.1,8797566
Food Prices for Nutrition 2.0,FPN 2.0,Austria,AUT,2018,YR2018,..,2.543,..,..,..,..,2.848,..,..,..,..,..,..,..,..,..,..,..,..,..,..,..,..,..,..,..,..,..,..,0.8,..,..,0.1,8840521
Food Prices for Nutrition 2.0,FPN 2.0,Austria,AUT,2019,YR2019,..,2.603,..,..,..,..,2.915,..,..,..,..,..,..,..,..,..,..,..,..,..,..,..,..,..,..,..,..,..,..,0.8,..,..,0.1,8879920
Food Prices for Nutrition 2.0,FPN 2.0,Austria,AUT,2020,YR2020,..,2.682,..,..,..,..,3.004,..,..,..,..,..,..,..,..,..,..,..,..,..,..,..,..,..,..,..,..,..,..,1,..,..,0.1,8916864
Food Prices for Nutrition 2.0,FPN 2.0,Austria,AUT,2021,YR2021,..,2.703,..,..,..,..,3.027,..,..,..,..,..,..,..,..,..,..,..,..,..,..,..,..,..,..,..,..,..,..,0.9,..,..,0.1,8955797
Food Prices for Nutrition 2.0,FPN 2.0,Azerbaijan,AZE,2017,YR2017,0.288,2.096,0.225,1.639,0.097,0.704,2.348,2.98,1.836,0.789,0.729,1.63,0.26,0.58,0.463,1.03,0.132,0.29,0.448,0.317,0.71,0.31,0.111,0.197,0.056,0.135,0.191,0,0,0,0,0,0,9854033
Food Prices for Nutrition 2.0,FPN 2.0,Azerbaijan,AZE,2018,YR2018,..,2.142,..,..,..,..,2.399,..,..,..,..,..,..,..,..,..,..,..,..,..,..,..,..,..,..,..,..,..,..,0,..,..,0,9939771
Food Prices for Nutrition 2.0,FPN 2.0,Azerbaijan,AZE,2019,YR2019,..,2.196,..,..,..,..,2.459,..,..,..,..,..,..,..,..,..,..,..,..,..,..,..,..,..,..,..,..,..,..,0,..,..,0,10024283
Food Prices for Nutrition 2.0,FPN 2.0,Azerbaijan,AZE,2020,YR2020,..,2.262,..,..,..,..,2.533,..,..,..,..,..,..,..,..,..,..,..,..,..,..,..,..,..,..,..,..,..,..,0,..,..,0,10093121
Food Prices for Nutrition 2.0,FPN 2.0,Azerbaijan,AZE,2021,YR2021,..,2.402,..,..,..,..,2.69,..,..,..,..,..,..,..,..,..,..,..,..,..,..,..,..,..,..,..,..,..,..,0,..,..,0,10137750
Food Prices for Nutrition 2.0,FPN 2.0,"Bahamas, The",BHS,2017,YR2017,0.69,3.818,0.755,4.181,0.169,0.937,4.276,4.08,4.683,1.049,0.848,1.48,1.03,1.79,0.656,1.14,0.453,0.79,0.574,0.716,1.25,0.198,0.241,0.153,0.106,0.167,0.134,..,..,..,..,..,..,399020
Food Prices for Nutrition 2.0,FPN 2.0,"Bahamas, The",BHS,2018,YR2018,..,3.917,..,..,..,..,4.387,..,..,..,..,..,..,..,..,..,..,..,..,..,..,..,..,..,..,..,..,..,..,..,..,..,..,401906
Food Prices for Nutrition 2.0,FPN 2.0,"Bahamas, The",BHS,2019,YR2019,..,3.896,..,..,..,..,4.364,..,..,..,..,..,..,..,..,..,..,..,..,..,..,..,..,..,..,..,..,..,..,..,..,..,..,404557
Food Prices for Nutrition 2.0,FPN 2.0,"Bahamas, The",BHS,2020,YR2020,..,4.007,..,..,..,..,4.488,..,..,..,..,..,..,..,..,..,..,..,..,..,..,..,..,..,..,..,..,..,..,..,..,..,..,406471
Food Prices for Nutrition 2.0,FPN 2.0,"Bahamas, The",BHS,2021,YR2021,..,4.162,..,..,..,..,4.661,..,..,..,..,..,..,..,..,..,..,..,..,..,..,..,..,..,..,..,..,..,..,..,..,..,..,407906
Food Prices for Nutrition 2.0,FPN 2.0,Bahrain,BHR,2017,YR2017,0.492,3.017,0.412,2.526,0.115,0.707,3.379,4.27,2.829,0.792,1.006,1.54,0.474,0.73,0.373,0.57,0.185,0.28,0.653,0.688,1.05,0.298,0.14,0.11,0.055,0.204,0.193,..,..,..,..,..,..,1456834
Food Prices for Nutrition 2.0,FPN 2.0,Bahrain,BHR,2018,YR2018,..,3.092,..,..,..,..,3.463,..,..,..,..,..,..,..,..,..,..,..,..,..,..,..,..,..,..,..,..,..,..,..,..,..,..,1487340
Food Prices for Nutrition 2.0,FPN 2.0,Bahrain,BHR,2019,YR2019,..,3.19,..,..,..,..,3.573,..,..,..,..,..,..,..,..,..,..,..,..,..,..,..,..,..,..,..,..,..,..,..,..,..,..,1494188
Food Prices for Nutrition 2.0,FPN 2.0,Bahrain,BHR,2020,YR2020,..,3.424,..,..,..,..,3.835,..,..,..,..,..,..,..,..,..,..,..,..,..,..,..,..,..,..,..,..,..,..,..,..,..,..,1477469
Food Prices for Nutrition 2.0,FPN 2.0,Bahrain,BHR,2021,YR2021,..,3.604,..,..,..,..,4.036,..,..,..,..,..,..,..,..,..,..,..,..,..,..,..,..,..,..,..,..,..,..,..,..,..,..,1463265
Food Prices for Nutrition 2.0,FPN 2.0,Bangladesh,BGD,2017,YR2017,0.648,2.573,0.438,1.738,0.145,0.575,2.882,4.48,1.947,0.644,1.143,3.18,0.559,1.56,0.227,0.63,0.118,0.33,0.359,0.477,1.33,0.397,0.194,0.079,0.041,0.166,0.125,0.6,48.6,75.3,1,78.6,121.8,161793964
Food Prices for Nutrition 2.0,FPN 2.0,Bangladesh,BGD,2018,YR2018,..,2.653,..,..,..,..,2.971,..,..,..,..,..,..,..,..,..,..,..,..,..,..,..,..,..,..,..,..,..,..,72.5,..,..,118.7,163683958
Food Prices for Nutrition 2.0,FPN 2.0,Bangladesh,BGD,2019,YR2019,..,2.7,..,..,..,..,3.024,..,..,..,..,..,..,..,..,..,..,..,..,..,..,..,..,..,..,..,..,..,..,70.8,..,..,117.1,165516222
Food Prices for Nutrition 2.0,FPN 2.0,Bangladesh,BGD,2020,YR2020,..,2.736,..,..,..,..,3.064,..,..,..,..,..,..,..,..,..,..,..,..,..,..,..,..,..,..,..,..,..,..,68.7,..,..,115,167420951
Food Prices for Nutrition 2.0,FPN 2.0,Bangladesh,BGD,2021,YR2021,..,2.858,..,..,..,..,3.201,..,..,..,..,..,..,..,..,..,..,..,..,..,..,..,..,..,..,..,..,..,..,66.1,..,..,111.9,169356251
Food Prices for Nutrition 2.0,FPN 2.0,Barbados,BRB,2017,YR2017,..,..,0.542,1.988,0.218,0.8,..,..,2.226,0.896,..,..,..,..,..,..,..,..,..,..,..,..,..,..,..,..,..,..,..,..,..,..,..,279187
Food Prices for Nutrition 2.0,FPN 2.0,Barbados,BRB,2018,YR2018,..,..,..,..,..,..,..,..,..,..,..,..,..,..,..,..,..,..,..,..,..,..,..,..,..,..,..,..,..,..,..,..,..,..
Food Prices for Nutrition 2.0,FPN 2.0,Barbados,BRB,2019,YR2019,..,..,..,..,..,..,..,..,..,..,..,..,..,..,..,..,..,..,..,..,..,..,..,..,..,..,..,..,..,..,..,..,..,..
Food Prices for Nutrition 2.0,FPN 2.0,Barbados,BRB,2020,YR2020,..,..,..,..,..,..,..,..,..,..,..,..,..,..,..,..,..,..,..,..,..,..,..,..,..,..,..,..,..,..,..,..,..,..
Food Prices for Nutrition 2.0,FPN 2.0,Barbados,BRB,2021,YR2021,..,..,..,..,..,..,..,..,..,..,..,..,..,..,..,..,..,..,..,..,..,..,..,..,..,..,..,..,..,..,..,..,..,..
Food Prices for Nutrition 2.0,FPN 2.0,Belarus,BLR,2017,YR2017,0.378,2.837,0.257,1.929,0.095,0.714,3.177,3.97,2.161,0.8,0.826,1.63,0.678,1.34,0.643,1.27,0.174,0.34,0.506,0.349,0.69,0.26,0.213,0.202,0.055,0.11,0.159,0,0.2,2.1,0,0,0.2,9458989
Food Prices for Nutrition 2.0,FPN 2.0,Belarus,BLR,2018,YR2018,..,2.882,..,..,..,..,3.228,..,..,..,..,..,..,..,..,..,..,..,..,..,..,..,..,..,..,..,..,..,..,1.1,..,..,0.1,9438785
Food Prices for Nutrition 2.0,FPN 2.0,Belarus,BLR,2019,YR2019,..,2.955,..,..,..,..,3.31,..,..,..,..,..,..,..,..,..,..,..,..,..,..,..,..,..,..,..,..,..,..,1.4,..,..,0.1,9419758
Food Prices for Nutrition 2.0,FPN 2.0,Belarus,BLR,2020,YR2020,..,2.955,..,..,..,..,3.31,..,..,..,..,..,..,..,..,..,..,..,..,..,..,..,..,..,..,..,..,..,..,0.7,..,..,0.1,9379952
Food Prices for Nutrition 2.0,FPN 2.0,Belarus,BLR,2021,YR2021,..,3.099,..,..,..,..,3.471,..,..,..,..,..,..,..,..,..,..,..,..,..,..,..,..,..,..,..,..,..,..,0.5,..,..,0,9340314
Food Prices for Nutrition 2.0,FPN 2.0,Belgium,BEL,2017,YR2017,0.347,2.555,0.291,2.148,0.032,0.235,2.862,10.88,2.406,0.263,0.745,3.36,0.79,3.56,0.369,1.66,0.06,0.27,0.222,0.677,3.05,0.26,0.276,0.129,0.021,0.237,0.078,0.1,0.3,0.3,0,0,0,11375158
Food Prices for Nutrition 2.0,FPN 2.0,Belgium,BEL,2018,YR2018,..,2.645,..,..,..,..,2.962,..,..,..,..,..,..,..,..,..,..,..,..,..,..,..,..,..,..,..,..,..,..,0.2,..,..,0,11427054
Food Prices for Nutrition 2.0,FPN 2.0,Belgium,BEL,2019,YR2019,..,2.721,..,..,..,..,3.047,..,..,..,..,..,..,..,..,..,..,..,..,..,..,..,..,..,..,..,..,..,..,0.2,..,..,0,11488980
Food Prices for Nutrition 2.0,FPN 2.0,Belgium,BEL,2020,YR2020,..,2.821,..,..,..,..,3.159,..,..,..,..,..,..,..,..,..,..,..,..,..,..,..,..,..,..,..,..,..,..,0.2,..,..,0,11538604
Food Prices for Nutrition 2.0,FPN 2.0,Belgium,BEL,2021,YR2021,..,2.79,..,..,..,..,3.125,..,..,..,..,..,..,..,..,..,..,..,..,..,..,..,..,..,..,..,..,..,..,0.1,..,..,0,11592952
Food Prices for Nutrition 2.0,FPN 2.0,Belize,BLZ,2017,YR2017,1.009,2.211,1.143,2.503,0.461,1.009,2.476,2.19,2.803,1.13,0.776,2.04,0.162,0.43,0.224,0.59,0.129,0.34,0.38,0.805,2.12,0.313,0.065,0.09,0.052,0.325,0.153,19.6,57,50.9,0.1,0.2,0.2,374693
Food Prices for Nutrition 2.0,FPN 2.0,Belize,BLZ,2018,YR2018,..,2.247,..,..,..,..,2.517,..,..,..,..,..,..,..,..,..,..,..,..,..,..,..,..,..,..,..,..,..,..,50.7,..,..,0.2,382066
Food Prices for Nutrition 2.0,FPN 2.0,Belize,BLZ,2019,YR2019,..,2.298,..,..,..,..,2.574,..,..,..,..,..,..,..,..,..,..,..,..,..,..,..,..,..,..,..,..,..,..,49.4,..,..,0.2,389095
Food Prices for Nutrition 2.0,FPN 2.0,Belize,BLZ,2020,YR2020,..,2.35,..,..,..,..,2.632,..,..,..,..,..,..,..,..,..,..,..,..,..,..,..,..,..,..,..,..,..,..,57,..,..,0.2,394921
Food Prices for Nutrition 2.0,FPN 2.0,Belize,BLZ,2021,YR2021,..,2.497,..,..,..,..,2.797,..,..,..,..,..,..,..,..,..,..,..,..,..,..,..,..,..,..,..,..,..,..,53,..,..,0.2,400031
Food Prices for Nutrition 2.0,FPN 2.0,Benin,BEN,2017,YR2017,1.721,3.17,1.211,2.23,0.316,0.582,3.55,5.44,2.498,0.652,1.168,2.85,0.538,1.31,0.297,0.72,0.125,0.3,0.41,1.012,2.47,0.329,0.152,0.084,0.035,0.285,0.115,13.7,81.9,90.6,1.6,9.5,10.5,11596779
Food Prices for Nutrition 2.0,FPN 2.0,Benin,BEN,2018,YR2018,..,3.277,..,..,..,..,3.67,..,..,..,..,..,..,..,..,..,..,..,..,..,..,..,..,..,..,..,..,..,..,86.8,..,..,10.4,11940683
Food Prices for Nutrition 2.0,FPN 2.0,Benin,BEN,2019,YR2019,..,3.271,..,..,..,..,3.664,..,..,..,..,..,..,..,..,..,..,..,..,..,..,..,..,..,..,..,..,..,..,82.4,..,..,10.1,12290444
Food Prices for Nutrition 2.0,FPN 2.0,Benin,BEN,2020,YR2020,..,3.31,..,..,..,..,3.707,..,..,..,..,..,..,..,..,..,..,..,..,..,..,..,..,..,..,..,..,..,..,82.1,..,..,10.4,12643123
Food Prices for Nutrition 2.0,FPN 2.0,Benin,BEN,2021,YR2021,..,3.608,..,..,..,..,4.041,..,..,..,..,..,..,..,..,..,..,..,..,..,..,..,..,..,..,..,..,..,..,82.6,..,..,10.7,12996895
Food Prices for Nutrition 2.0,FPN 2.0,Bermuda,BMU,2017,YR2017,0.387,3.636,0.447,4.202,0.104,0.981,4.072,3.71,4.706,1.099,0.502,0.68,0.478,0.64,0.53,0.71,0.165,0.22,0.743,1.652,2.22,0.123,0.117,0.13,0.041,0.406,0.182,..,..,..,..,..,..,63873
Food Prices for Nutrition 2.0,FPN 2.0,Bermuda,BMU,2018,YR2018,..,3.383,..,..,..,..,3.789,..,..,..,..,..,..,..,..,..,..,..,..,..,..,..,..,..,..,..,..,..,..,..,..,..,..,63918
Food Prices for Nutrition 2.0,FPN 2.0,Bermuda,BMU,2019,YR2019,..,3.423,..,..,..,..,3.834,..,..,..,..,..,..,..,..,..,..,..,..,..,..,..,..,..,..,..,..,..,..,..,..,..,..,63911
Food Prices for Nutrition 2.0,FPN 2.0,Bermuda,BMU,2020,YR2020,..,3.32,..,..,..,..,3.718,..,..,..,..,..,..,..,..,..,..,..,..,..,..,..,..,..,..,..,..,..,..,..,..,..,..,63893
Food Prices for Nutrition 2.0,FPN 2.0,Bermuda,BMU,2021,YR2021,..,3.031,..,..,..,..,3.395,..,..,..,..,..,..,..,..,..,..,..,..,..,..,..,..,..,..,..,..,..,..,..,..,..,..,63867
Food Prices for Nutrition 2.0,FPN 2.0,Bhutan,BTN,2017,YR2017,0.753,3.913,0.481,2.502,0.18,0.935,4.383,4.19,2.802,1.047,1.191,2.21,1.122,2.08,0.427,0.79,0.164,0.3,0.54,0.94,1.74,0.272,0.256,0.097,0.037,0.214,0.123,0.7,26.2,51.2,0,0.2,0.4,756121
Food Prices for Nutrition 2.0,FPN 2.0,Bhutan,BTN,2018,YR2018,..,4.096,..,..,..,..,4.587,..,..,..,..,..,..,..,..,..,..,..,..,..,..,..,..,..,..,..,..,..,..,45.5,..,..,0.3,762096
Food Prices for Nutrition 2.0,FPN 2.0,Bhutan,BTN,2019,YR2019,..,4.207,..,..,..,..,4.712,..,..,..,..,..,..,..,..,..,..,..,..,..,..,..,..,..,..,..,..,..,..,42.3,..,..,0.3,767459
Food Prices for Nutrition 2.0,FPN 2.0,Bhutan,BTN,2020,YR2020,..,4.482,..,..,..,..,5.02,..,..,..,..,..,..,..,..,..,..,..,..,..,..,..,..,..,..,..,..,..,..,45.7,..,..,0.4,772506
Food Prices for Nutrition 2.0,FPN 2.0,Bhutan,BTN,2021,YR2021,..,4.767,..,..,..,..,5.339,..,..,..,..,..,..,..,..,..,..,..,..,..,..,..,..,..,..,..,..,..,..,45.2,..,..,0.4,777486
Food Prices for Nutrition 2.0,FPN 2.0,Bolivia,BOL,2017,YR2017,0.624,3.171,0.586,2.98,0.258,1.311,3.551,2.42,3.338,1.468,1.046,1.34,0.411,0.53,0.53,0.68,0.14,0.18,0.781,0.644,0.82,0.295,0.116,0.149,0.039,0.181,0.22,6.8,19.1,20.9,0.8,2.2,2.4,11435533
Food Prices for Nutrition 2.0,FPN 2.0,Bolivia,BOL,2018,YR2018,..,3.257,..,..,..,..,3.648,..,..,..,..,..,..,..,..,..,..,..,..,..,..,..,..,..,..,..,..,..,..,19.1,..,..,2.2,11606905
Food Prices for Nutrition 2.0,FPN 2.0,Bolivia,BOL,2019,YR2019,..,3.365,..,..,..,..,3.769,..,..,..,..,..,..,..,..,..,..,..,..,..,..,..,..,..,..,..,..,..,..,16,..,..,1.9,11777315
Food Prices for Nutrition 2.0,FPN 2.0,Bolivia,BOL,2020,YR2020,..,3.353,..,..,..,..,3.755,..,..,..,..,..,..,..,..,..,..,..,..,..,..,..,..,..,..,..,..,..,..,17.2,..,..,2.1,11936162
Food Prices for Nutrition 2.0,FPN 2.0,Bolivia,BOL,2021,YR2021,..,3.506,..,..,..,..,3.927,..,..,..,..,..,..,..,..,..,..,..,..,..,..,..,..,..,..,..,..,..,..,15.1,..,..,1.8,12079472
Food Prices for Nutrition 2.0,FPN 2.0,Bonaire,BON,2017,YR2017,..,..,1.002,2.972,0.225,0.666,..,..,3.329,0.746,..,..,..,..,..,..,..,..,..,..,..,..,..,..,..,..,..,..,..,..,..,..,..,..
Food Prices for Nutrition 2.0,FPN 2.0,Bonaire,BON,2018,YR2018,..,..,..,..,..,..,..,..,..,..,..,..,..,..,..,..,..,..,..,..,..,..,..,..,..,..,..,..,..,..,..,..,..,..
Food Prices for Nutrition 2.0,FPN 2.0,Bonaire,BON,2019,YR2019,..,..,..,..,..,..,..,..,..,..,..,..,..,..,..,..,..,..,..,..,..,..,..,..,..,..,..,..,..,..,..,..,..,..
Food Prices for Nutrition 2.0,FPN 2.0,Bonaire,BON,2020,YR2020,..,..,..,..,..,..,..,..,..,..,..,..,..,..,..,..,..,..,..,..,..,..,..,..,..,..,..,..,..,..,..,..,..,..
Food Prices for Nutrition 2.0,FPN 2.0,Bonaire,BON,2021,YR2021,..,..,..,..,..,..,..,..,..,..,..,..,..,..,..,..,..,..,..,..,..,..,..,..,..,..,..,..,..,..,..,..,..,..
Food Prices for Nutrition 2.0,FPN 2.0,Bosnia and Herzegovina,BIH,2017,YR2017,0.487,3.435,0.386,2.724,0.087,0.617,3.847,5.57,3.051,0.691,0.921,1.71,0.916,1.7,0.512,0.95,0.132,0.24,0.54,0.825,1.53,0.239,0.238,0.133,0.034,0.214,0.14,0,2.4,4.7,0,0.1,0.2,3440027
Food Prices for Nutrition 2.0,FPN 2.0,Bosnia and Herzegovina,BIH,2018,YR2018,..,3.488,..,..,..,..,3.907,..,..,..,..,..,..,..,..,..,..,..,..,..,..,..,..,..,..,..,..,..,..,4,..,..,0.1,3400129
Food Prices for Nutrition 2.0,FPN 2.0,Bosnia and Herzegovina,BIH,2019,YR2019,..,3.61,..,..,..,..,4.043,..,..,..,..,..,..,..,..,..,..,..,..,..,..,..,..,..,..,..,..,..,..,3.9,..,..,0.1,3360711
Food Prices for Nutrition 2.0,FPN 2.0,Bosnia and Herzegovina,BIH,2020,YR2020,..,3.537,..,..,..,..,3.961,..,..,..,..,..,..,..,..,..,..,..,..,..,..,..,..,..,..,..,..,..,..,3,..,..,0.1,3318407
Food Prices for Nutrition 2.0,FPN 2.0,Bosnia and Herzegovina,BIH,2021,YR2021,..,3.665,..,..,..,..,4.105,..,..,..,..,..,..,..,..,..,..,..,..,..,..,..,..,..,..,..,..,..,..,3,..,..,0.1,3270943
Food Prices for Nutrition 2.0,FPN 2.0,Botswana,BWA,2017,YR2017,0.274,3.234,0.17,2.009,0.038,0.451,3.622,7.17,2.25,0.505,1.097,2.81,0.795,2.04,0.402,1.03,0.142,0.36,0.39,0.796,2.04,0.303,0.219,0.111,0.039,0.22,0.108,1.3,44.3,63.2,0,1.1,1.5,2401840
Food Prices for Nutrition 2.0,FPN 2.0,Botswana,BWA,2018,YR2018,..,3.192,..,..,..,..,3.575,..,..,..,..,..,..,..,..,..,..,..,..,..,..,..,..,..,..,..,..,..,..,60.8,..,..,1.5,2451409
Food Prices for Nutrition 2.0,FPN 2.0,Botswana,BWA,2019,YR2019,..,3.206,..,..,..,..,3.591,..,..,..,..,..,..,..,..,..,..,..,..,..,..,..,..,..,..,..,..,..,..,59.8,..,..,1.5,2499702
Food Prices for Nutrition 2.0,FPN 2.0,Botswana,BWA,2020,YR2020,..,3.304,..,..,..,..,3.701,..,..,..,..,..,..,..,..,..,..,..,..,..,..,..,..,..,..,..,..,..,..,63.4,..,..,1.6,2546402
Food Prices for Nutrition 2.0,FPN 2.0,Botswana,BWA,2021,YR2021,..,3.419,..,..,..,..,3.829,..,..,..,..,..,..,..,..,..,..,..,..,..,..,..,..,..,..,..,..,..,..,60.3,..,..,1.6,2588423
Food Prices for Nutrition 2.1,FPN 2.1,Albania,ALB,2017,YR2017,0.425,3.529,0.266,2.206,0.078,0.647,3.952,5.45,2.471,0.725,1.204,2.01,0.911,1.52,0.441,0.74,0.089,0.15,0.599,0.707,1.18,0.305,0.231,0.112,0.023,0.179,0.152,0,8.9,31.3,0,0.3,0.9,2873457
Food Prices for Nutrition 2.1,FPN 2.1,Albania,ALB,2018,YR2018,..,3.633,..,..,..,..,4.069,..,..,..,..,..,..,..,..,..,..,..,..,..,..,..,..,..,..,..,..,..,..,23,..,..,0.7,2866376
Food Prices for Nutrition 2.1,FPN 2.1,Albania,ALB,2019,YR2019,..,3.805,..,..,..,..,4.262,..,..,..,..,..,..,..,..,..,..,..,..,..,..,..,..,..,..,..,..,..,..,22.2,..,..,0.6,2854191
Food Prices for Nutrition 2.1,FPN 2.1,Albania,ALB,2020,YR2020,..,3.821,..,..,..,..,4.28,..,..,..,..,..,..,..,..,..,..,..,..,..,..,..,..,..,..,..,..,..,..,19.9,..,..,0.6,2837849
Food Prices for Nutrition 2.1,FPN 2.1,Albania,ALB,2021,YR2021,..,3.918,..,..,..,..,4.388,..,..,..,..,..,..,..,..,..,..,..,..,..,..,..,..,..,..,..,..,..,..,15.7,..,..,0.4,2811666
Food Prices for Nutrition 2.1,FPN 2.1,Algeria,DZA,2017,YR2017,0.605,3.36,0.374,2.074,0.124,0.69,3.763,4.87,2.323,0.773,0.964,1.94,0.979,1.97,0.493,0.99,0.132,0.27,0.496,0.699,1.41,0.256,0.26,0.131,0.035,0.186,0.132,0.1,6.2,32.4,0.1,2.5,13.3,41136546
Food Prices for Nutrition 2.1,FPN 2.1,Algeria,DZA,2018,YR2018,..,3.413,..,..,..,..,3.822,..,..,..,..,..,..,..,..,..,..,..,..,..,..,..,..,..,..,..,..,..,..,31,..,..,13,41927007
Food Prices for Nutrition 2.1,FPN 2.1,Algeria,DZA,2019,YR2019,..,3.389,..,..,..,..,3.796,..,..,..,..,..,..,..,..,..,..,..,..,..,..,..,..,..,..,..,..,..,..,28.9,..,..,12.4,42705368
Food Prices for Nutrition 2.1,FPN 2.1,Algeria,DZA,2020,YR2020,..,3.357,..,..,..,..,3.76,..,..,..,..,..,..,..,..,..,..,..,..,..,..,..,..,..,..,..,..,..,..,31.1,..,..,13.5,43451666
Food Prices for Nutrition 2.1,FPN 2.1,Algeria,DZA,2021,YR2021,..,3.61,..,..,..,..,4.043,..,..,..,..,..,..,..,..,..,..,..,..,..,..,..,..,..,..,..,..,..,..,32.2,..,..,14.2,44177969
Food Prices for Nutrition 2.1,FPN 2.1,Angola,AGO,2017,YR2017,0.972,3.863,0.726,2.885,0.315,1.253,4.327,3.08,3.231,1.403,1.011,1.21,0.717,0.85,0.395,0.47,0.166,0.2,0.839,1.199,1.43,0.234,0.166,0.091,0.038,0.277,0.194,36.1,71.2,81.5,10.9,21.5,24.6,30208628
Food Prices for Nutrition 2.1,FPN 2.1,Angola,AGO,2018,YR2018,..,3.833,..,..,..,..,4.293,..,..,..,..,..,..,..,..,..,..,..,..,..,..,..,..,..,..,..,..,..,..,82.7,..,..,25.9,31273533
Food Prices for Nutrition 2.1,FPN 2.1,Angola,AGO,2019,YR2019,..,3.886,..,..,..,..,4.352,..,..,..,..,..,..,..,..,..,..,..,..,..,..,..,..,..,..,..,..,..,..,83.9,..,..,27.1,32353588
Food Prices for Nutrition 2.1,FPN 2.1,Angola,AGO,2020,YR2020,..,4.094,..,..,..,..,4.585,..,..,..,..,..,..,..,..,..,..,..,..,..,..,..,..,..,..,..,..,..,..,86.7,..,..,29,33428486
Food Prices for Nutrition 2.1,FPN 2.1,Angola,AGO,2021,YR2021,..,4.492,..,..,..,..,5.031,..,..,..,..,..,..,..,..,..,..,..,..,..,..,..,..,..,..,..,..,..,..,88.1,..,..,30.4,34503774
Food Prices for Nutrition 2.1,FPN 2.1,Anguilla,AIA,2017,YR2017,0.577,3.319,0.378,2.172,0.203,1.168,3.717,2.84,2.433,1.308,0.647,0.83,0.811,1.04,0.328,0.42,0.134,0.17,0.778,1.019,1.31,0.174,0.218,0.088,0.036,0.274,0.209,..,..,..,..,..,..,..
Food Prices for Nutrition 2.1,FPN 2.1,Anguilla,AIA,2018,YR2018,..,..,..,..,..,..,..,..,..,..,..,..,..,..,..,..,..,..,..,..,..,..,..,..,..,..,..,..,..,..,..,..,..,..
Food Prices for Nutrition 2.1,FPN 2.1,Anguilla,AIA,2019,YR2019,..,..,..,..,..,..,..,..,..,..,..,..,..,..,..,..,..,..,..,..,..,..,..,..,..,..,..,..,..,..,..,..,..,..
Food Prices for Nutrition 2.1,FPN 2.1,Anguilla,AIA,2020,YR2020,..,..,..,..,..,..,..,..,..,..,..,..,..,..,..,..,..,..,..,..,..,..,..,..,..,..,..,..,..,..,..,..,..,..
Food Prices for Nutrition 2.1,FPN 2.1,Anguilla,AIA,2021,YR2021,..,..,..,..,..,..,..,..,..,..,..,..,..,..,..,..,..,..,..,..,..,..,..,..,..,..,..,..,..,..,..,..,..,..
Food Prices for Nutrition 2.1,FPN 2.1,Antigua and Barbuda,ATG,2017,YR2017,0.767,3.671,0.563,2.694,0.174,0.833,4.112,4.41,3.017,0.933,0.682,1.13,1.003,1.66,0.429,0.71,0.115,0.19,0.604,1.279,2.12,0.166,0.244,0.104,0.028,0.311,0.147,..,..,..,..,..,..,91119
Food Prices for Nutrition 2.1,FPN 2.1,Antigua and Barbuda,ATG,2018,YR2018,..,3.841,..,..,..,..,4.302,..,..,..,..,..,..,..,..,..,..,..,..,..,..,..,..,..,..,..,..,..,..,..,..,..,..,91626
Food Prices for Nutrition 2.1,FPN 2.1,Antigua and Barbuda,ATG,2019,YR2019,..,3.921,..,..,..,..,4.391,..,..,..,..,..,..,..,..,..,..,..,..,..,..,..,..,..,..,..,..,..,..,..,..,..,..,92117
Food Prices for Nutrition 2.1,FPN 2.1,Antigua and Barbuda,ATG,2020,YR2020,..,4.021,..,..,..,..,4.504,..,..,..,..,..,..,..,..,..,..,..,..,..,..,..,..,..,..,..,..,..,..,..,..,..,..,92664
Food Prices for Nutrition 2.1,FPN 2.1,Antigua and Barbuda,ATG,2021,YR2021,..,4.182,..,..,..,..,4.684,..,..,..,..,..,..,..,..,..,..,..,..,..,..,..,..,..,..,..,..,..,..,..,..,..,..,93219
Food Prices for Nutrition 2.1,FPN 2.1,Argentina,ARG,2017,YR2017,0.395,2.983,0.31,2.344,0.077,0.582,3.341,5.12,2.625,0.652,0.669,1.44,0.733,1.58,0.656,1.42,0.117,0.25,0.463,0.703,1.52,0.2,0.219,0.196,0.035,0.21,0.139,0.2,4,6.8,0.1,1.8,3,44044811
Food Prices for Nutrition 2.1,FPN 2.1,Argentina,ARG,2018,YR2018,..,..,..,..,..,..,..,..,..,..,..,..,..,..,..,..,..,..,..,..,..,..,..,..,..,..,..,..,..,..,..,..,..,..
Food Prices for Nutrition 2.1,FPN 2.1,Argentina,ARG,2019,YR2019,..,..,..,..,..,..,..,..,..,..,..,..,..,..,..,..,..,..,..,..,..,..,..,..,..,..,..,..,..,..,..,..,..,..
Food Prices for Nutrition 2.1,FPN 2.1,Argentina,ARG,2020,YR2020,..,..,..,..,..,..,..,..,..,..,..,..,..,..,..,..,..,..,..,..,..,..,..,..,..,..,..,..,..,..,..,..,..,..
Food Prices for Nutrition 2.1,FPN 2.1,Argentina,ARG,2021,YR2021,..,..,..,..,..,..,..,..,..,..,..,..,..,..,..,..,..,..,..,..,..,..,..,..,..,..,..,..,..,..,..,..,..,..
Food Prices for Nutrition 2.1,FPN 2.1,Armenia,ARM,2017,YR2017,0.27,2.764,0.192,1.971,0.088,0.904,3.096,3.06,2.208,1.013,0.973,1.81,0.488,0.91,0.541,1.01,0.123,0.23,0.537,0.433,0.81,0.314,0.158,0.175,0.04,0.14,0.173,0.5,14.3,37.1,0,0.4,1.1,2851923
Food Prices for Nutrition 2.1,FPN 2.1,Armenia,ARM,2018,YR2018,..,2.827,..,..,..,..,3.166,..,..,..,..,..,..,..,..,..,..,..,..,..,..,..,..,..,..,..,..,..,..,37.9,..,..,1.1,2836557
Food Prices for Nutrition 2.1,FPN 2.1,Armenia,ARM,2019,YR2019,..,2.89,..,..,..,..,3.237,..,..,..,..,..,..,..,..,..,..,..,..,..,..,..,..,..,..,..,..,..,..,40,..,..,1.1,2820602
Food Prices for Nutrition 2.1,FPN 2.1,Armenia,ARM,2020,YR2020,..,2.899,..,..,..,..,3.247,..,..,..,..,..,..,..,..,..,..,..,..,..,..,..,..,..,..,..,..,..,..,39,..,..,1.1,2805608
Food Prices for Nutrition 2.1,FPN 2.1,Armenia,ARM,2021,YR2021,..,3.149,..,..,..,..,3.527,..,..,..,..,..,..,..,..,..,..,..,..,..,..,..,..,..,..,..,..,..,..,41.4,..,..,1.2,2790974
Food Prices for Nutrition 2.1,FPN 2.1,Aruba,ABW,2017,YR2017,0.723,3.052,0.6,2.531,0.239,1.009,3.418,3.02,2.835,1.13,0.718,0.9,0.475,0.6,0.407,0.51,0.115,0.14,0.797,0.907,1.14,0.21,0.139,0.119,0.034,0.265,0.233,..,..,..,..,..,..,105439
Food Prices for Nutrition 2.1,FPN 2.1,Aruba,ABW,2018,YR2018,..,3.232,..,..,..,..,3.62,..,..,..,..,..,..,..,..,..,..,..,..,..,..,..,..,..,..,..,..,..,..,..,..,..,..,105962
Food Prices for Nutrition 2.1,FPN 2.1,Aruba,ABW,2019,YR2019,..,3.488,..,..,..,..,3.907,..,..,..,..,..,..,..,..,..,..,..,..,..,..,..,..,..,..,..,..,..,..,..,..,..,..,106442
Food Prices for Nutrition 2.1,FPN 2.1,Aruba,ABW,2020,YR2020,..,3.578,..,..,..,..,4.007,..,..,..,..,..,..,..,..,..,..,..,..,..,..,..,..,..,..,..,..,..,..,..,..,..,..,106585
Food Prices for Nutrition 2.1,FPN 2.1,Aruba,ABW,2021,YR2021,..,3.675,..,..,..,..,4.116,..,..,..,..,..,..,..,..,..,..,..,..,..,..,..,..,..,..,..,..,..,..,..,..,..,..,106537
Food Prices for Nutrition 2.1,FPN 2.1,Australia,AUS,2017,YR2017,0.333,2.017,0.235,1.424,0.045,0.274,2.259,7.36,1.595,0.307,0.458,2.07,0.667,3.02,0.249,1.13,0.067,0.3,0.221,0.597,2.7,0.203,0.295,0.11,0.03,0.264,0.098,0.2,0.5,0.7,0.1,0.1,0.2,24594202
Food Prices for Nutrition 2.1,FPN 2.1,Australia,AUS,2018,YR2018,..,2.038,..,..,..,..,2.283,..,..,..,..,..,..,..,..,..,..,..,..,..,..,..,..,..,..,..,..,..,..,0.7,..,..,0.2,24966643
Food Prices for Nutrition 2.1,FPN 2.1,Australia,AUS,2019,YR2019,..,2.05,..,..,..,..,2.296,..,..,..,..,..,..,..,..,..,..,..,..,..,..,..,..,..,..,..,..,..,..,0.7,..,..,0.2,25340217
Food Prices for Nutrition 2.1,FPN 2.1,Australia,AUS,2020,YR2020,..,2.133,..,..,..,..,2.389,..,..,..,..,..,..,..,..,..,..,..,..,..,..,..,..,..,..,..,..,..,..,0.7,..,..,0.2,25655289
Food Prices for Nutrition 2.1,FPN 2.1,Australia,AUS,2021,YR2021,..,2.176,..,..,..,..,2.437,..,..,..,..,..,..,..,..,..,..,..,..,..,..,..,..,..,..,..,..,..,..,0.7,..,..,0.2,25688079
Food Prices for Nutrition 2.1,FPN 2.1,Austria,AUT,2017,YR2017,0.39,2.475,0.318,2.014,0.049,0.309,2.772,8.01,2.256,0.346,0.612,2.67,0.819,3.58,0.36,1.57,0.055,0.24,0.229,0.698,3.05,0.221,0.295,0.13,0.02,0.252,0.083,0.2,0.5,0.6,0,0,0.1,8797566
Food Prices for Nutrition 2.1,FPN 2.1,Austria,AUT,2018,YR2018,..,2.543,..,..,..,..,2.848,..,..,..,..,..,..,..,..,..,..,..,..,..,..,..,..,..,..,..,..,..,..,0.8,..,..,0.1,8840521
Food Prices for Nutrition 2.1,FPN 2.1,Austria,AUT,2019,YR2019,..,2.603,..,..,..,..,2.915,..,..,..,..,..,..,..,..,..,..,..,..,..,..,..,..,..,..,..,..,..,..,0.8,..,..,0.1,8879920
Food Prices for Nutrition 2.1,FPN 2.1,Austria,AUT,2020,YR2020,..,2.682,..,..,..,..,3.004,..,..,..,..,..,..,..,..,..,..,..,..,..,..,..,..,..,..,..,..,..,..,1,..,..,0.1,8916864
Food Prices for Nutrition 2.1,FPN 2.1,Austria,AUT,2021,YR2021,..,2.703,..,..,..,..,3.027,..,..,..,..,..,..,..,..,..,..,..,..,..,..,..,..,..,..,..,..,..,..,0.9,..,..,0.1,8955797
Food Prices for Nutrition 2.1,FPN 2.1,Azerbaijan,AZE,2017,YR2017,0.288,2.096,0.225,1.639,0.097,0.704,2.348,2.98,1.836,0.789,0.729,1.63,0.26,0.58,0.463,1.03,0.132,0.29,0.448,0.317,0.71,0.31,0.111,0.197,0.056,0.135,0.191,0,0,0,0,0,0,9854033
Food Prices for Nutrition 2.1,FPN 2.1,Azerbaijan,AZE,2018,YR2018,..,2.142,..,..,..,..,2.399,..,..,..,..,..,..,..,..,..,..,..,..,..,..,..,..,..,..,..,..,..,..,0,..,..,0,9939771
Food Prices for Nutrition 2.1,FPN 2.1,Azerbaijan,AZE,2019,YR2019,..,2.196,..,..,..,..,2.459,..,..,..,..,..,..,..,..,..,..,..,..,..,..,..,..,..,..,..,..,..,..,0,..,..,0,10024283
Food Prices for Nutrition 2.1,FPN 2.1,Azerbaijan,AZE,2020,YR2020,..,2.262,..,..,..,..,2.533,..,..,..,..,..,..,..,..,..,..,..,..,..,..,..,..,..,..,..,..,..,..,0,..,..,0,10093121
Food Prices for Nutrition 2.1,FPN 2.1,Azerbaijan,AZE,2021,YR2021,..,2.402,..,..,..,..,2.69,..,..,..,..,..,..,..,..,..,..,..,..,..,..,..,..,..,..,..,..,..,..,0,..,..,0,10137750
Food Prices for Nutrition 2.1,FPN 2.1,"Bahamas, The",BHS,2017,YR2017,0.69,3.818,0.755,4.181,0.169,0.937,4.276,4.08,4.683,1.049,0.848,1.48,1.03,1.79,0.656,1.14,0.453,0.79,0.574,0.716,1.25,0.198,0.241,0.153,0.106,0.167,0.134,..,..,..,..,..,..,399020
Food Prices for Nutrition 2.1,FPN 2.1,"Bahamas, The",BHS,2018,YR2018,..,3.917,..,..,..,..,4.387,..,..,..,..,..,..,..,..,..,..,..,..,..,..,..,..,..,..,..,..,..,..,..,..,..,..,401906
Food Prices for Nutrition 2.1,FPN 2.1,"Bahamas, The",BHS,2019,YR2019,..,3.896,..,..,..,..,4.364,..,..,..,..,..,..,..,..,..,..,..,..,..,..,..,..,..,..,..,..,..,..,..,..,..,..,404557
Food Prices for Nutrition 2.1,FPN 2.1,"Bahamas, The",BHS,2020,YR2020,..,4.007,..,..,..,..,4.488,..,..,..,..,..,..,..,..,..,..,..,..,..,..,..,..,..,..,..,..,..,..,..,..,..,..,406471
Food Prices for Nutrition 2.1,FPN 2.1,"Bahamas, The",BHS,2021,YR2021,..,4.162,..,..,..,..,4.661,..,..,..,..,..,..,..,..,..,..,..,..,..,..,..,..,..,..,..,..,..,..,..,..,..,..,407906
Food Prices for Nutrition 2.1,FPN 2.1,Bahrain,BHR,2017,YR2017,0.492,3.017,0.412,2.526,0.115,0.707,3.379,4.27,2.829,0.792,1.006,1.54,0.474,0.73,0.373,0.57,0.185,0.28,0.653,0.688,1.05,0.298,0.14,0.11,0.055,0.204,0.193,..,..,..,..,..,..,1456834
Food Prices for Nutrition 2.1,FPN 2.1,Bahrain,BHR,2018,YR2018,..,3.092,..,..,..,..,3.463,..,..,..,..,..,..,..,..,..,..,..,..,..,..,..,..,..,..,..,..,..,..,..,..,..,..,1487340
Food Prices for Nutrition 2.1,FPN 2.1,Bahrain,BHR,2019,YR2019,..,3.19,..,..,..,..,3.573,..,..,..,..,..,..,..,..,..,..,..,..,..,..,..,..,..,..,..,..,..,..,..,..,..,..,1494188
Food Prices for Nutrition 2.1,FPN 2.1,Bahrain,BHR,2020,YR2020,..,3.424,..,..,..,..,3.835,..,..,..,..,..,..,..,..,..,..,..,..,..,..,..,..,..,..,..,..,..,..,..,..,..,..,1477469
Food Prices for Nutrition 2.1,FPN 2.1,Bahrain,BHR,2021,YR2021,..,3.604,..,..,..,..,4.036,..,..,..,..,..,..,..,..,..,..,..,..,..,..,..,..,..,..,..,..,..,..,..,..,..,..,1463265
Food Prices for Nutrition 2.1,FPN 2.1,Bangladesh,BGD,2017,YR2017,0.648,2.573,0.438,1.738,0.145,0.575,2.882,4.48,1.947,0.644,1.143,3.18,0.559,1.56,0.227,0.63,0.118,0.33,0.359,0.477,1.33,0.397,0.194,0.079,0.041,0.166,0.125,0.8,52,77.7,1.3,84.1,125.7,161793964
Food Prices for Nutrition 2.1,FPN 2.1,Bangladesh,BGD,2018,YR2018,..,2.653,..,..,..,..,2.971,..,..,..,..,..,..,..,..,..,..,..,..,..,..,..,..,..,..,..,..,..,..,76.9,..,..,126,163683958
Food Prices for Nutrition 2.1,FPN 2.1,Bangladesh,BGD,2019,YR2019,..,2.7,..,..,..,..,3.024,..,..,..,..,..,..,..,..,..,..,..,..,..,..,..,..,..,..,..,..,..,..,76,..,..,125.8,165516222
Food Prices for Nutrition 2.1,FPN 2.1,Bangladesh,BGD,2020,YR2020,..,2.736,..,..,..,..,3.064,..,..,..,..,..,..,..,..,..,..,..,..,..,..,..,..,..,..,..,..,..,..,75.2,..,..,125.9,167420951
Food Prices for Nutrition 2.1,FPN 2.1,Bangladesh,BGD,2021,YR2021,..,2.858,..,..,..,..,3.201,..,..,..,..,..,..,..,..,..,..,..,..,..,..,..,..,..,..,..,..,..,..,73.9,..,..,125.2,169356251
Food Prices for Nutrition 2.1,FPN 2.1,Barbados,BRB,2017,YR2017,..,..,0.542,1.988,0.218,0.8,..,..,2.226,0.896,..,..,..,..,..,..,..,..,..,..,..,..,..,..,..,..,..,..,..,..,..,..,..,279187
Food Prices for Nutrition 2.1,FPN 2.1,Barbados,BRB,2018,YR2018,..,..,..,..,..,..,..,..,..,..,..,..,..,..,..,..,..,..,..,..,..,..,..,..,..,..,..,..,..,..,..,..,..,..
Food Prices for Nutrition 2.1,FPN 2.1,Barbados,BRB,2019,YR2019,..,..,..,..,..,..,..,..,..,..,..,..,..,..,..,..,..,..,..,..,..,..,..,..,..,..,..,..,..,..,..,..,..,..
Food Prices for Nutrition 2.1,FPN 2.1,Barbados,BRB,2020,YR2020,..,..,..,..,..,..,..,..,..,..,..,..,..,..,..,..,..,..,..,..,..,..,..,..,..,..,..,..,..,..,..,..,..,..
Food Prices for Nutrition 2.1,FPN 2.1,Barbados,BRB,2021,YR2021,..,..,..,..,..,..,..,..,..,..,..,..,..,..,..,..,..,..,..,..,..,..,..,..,..,..,..,..,..,..,..,..,..,..
Food Prices for Nutrition 2.1,FPN 2.1,Belarus,BLR,2017,YR2017,0.378,2.837,0.257,1.929,0.095,0.714,3.177,3.97,2.161,0.8,0.826,1.63,0.678,1.34,0.643,1.27,0.174,0.34,0.506,0.349,0.69,0.26,0.213,0.202,0.055,0.11,0.159,0,0.2,2.1,0,0,0.2,9458989
Food Prices for Nutrition 2.1,FPN 2.1,Belarus,BLR,2018,YR2018,..,2.882,..,..,..,..,3.228,..,..,..,..,..,..,..,..,..,..,..,..,..,..,..,..,..,..,..,..,..,..,1.1,..,..,0.1,9438785
Food Prices for Nutrition 2.1,FPN 2.1,Belarus,BLR,2019,YR2019,..,2.955,..,..,..,..,3.31,..,..,..,..,..,..,..,..,..,..,..,..,..,..,..,..,..,..,..,..,..,..,1.4,..,..,0.1,9419758
Food Prices for Nutrition 2.1,FPN 2.1,Belarus,BLR,2020,YR2020,..,2.955,..,..,..,..,3.31,..,..,..,..,..,..,..,..,..,..,..,..,..,..,..,..,..,..,..,..,..,..,0.7,..,..,0.1,9379952
Food Prices for Nutrition 2.1,FPN 2.1,Belarus,BLR,2021,YR2021,..,3.099,..,..,..,..,3.471,..,..,..,..,..,..,..,..,..,..,..,..,..,..,..,..,..,..,..,..,..,..,0.5,..,..,0,9302585
Food Prices for Nutrition 2.1,FPN 2.1,Belgium,BEL,2017,YR2017,0.347,2.555,0.291,2.148,0.032,0.235,2.862,10.88,2.406,0.263,0.745,3.36,0.79,3.56,0.369,1.66,0.06,0.27,0.222,0.677,3.05,0.26,0.276,0.129,0.021,0.237,0.078,0.1,0.3,0.3,0,0,0,11375158
Food Prices for Nutrition 2.1,FPN 2.1,Belgium,BEL,2018,YR2018,..,2.645,..,..,..,..,2.962,..,..,..,..,..,..,..,..,..,..,..,..,..,..,..,..,..,..,..,..,..,..,0.2,..,..,0,11427054
Food Prices for Nutrition 2.1,FPN 2.1,Belgium,BEL,2019,YR2019,..,2.721,..,..,..,..,3.047,..,..,..,..,..,..,..,..,..,..,..,..,..,..,..,..,..,..,..,..,..,..,0.2,..,..,0,11488980
Food Prices for Nutrition 2.1,FPN 2.1,Belgium,BEL,2020,YR2020,..,2.821,..,..,..,..,3.159,..,..,..,..,..,..,..,..,..,..,..,..,..,..,..,..,..,..,..,..,..,..,0.2,..,..,0,11538604
Food Prices for Nutrition 2.1,FPN 2.1,Belgium,BEL,2021,YR2021,..,2.79,..,..,..,..,3.125,..,..,..,..,..,..,..,..,..,..,..,..,..,..,..,..,..,..,..,..,..,..,0.1,..,..,0,11592952
Food Prices for Nutrition 2.1,FPN 2.1,Belize,BLZ,2017,YR2017,1.009,2.211,1.143,2.503,0.461,1.009,2.476,2.19,2.803,1.13,0.776,2.04,0.162,0.43,0.224,0.59,0.129,0.34,0.38,0.805,2.12,0.313,0.065,0.09,0.052,0.325,0.153,19.6,57,50.9,0.1,0.2,0.2,374693
Food Prices for Nutrition 2.1,FPN 2.1,Belize,BLZ,2018,YR2018,..,2.247,..,..,..,..,2.517,..,..,..,..,..,..,..,..,..,..,..,..,..,..,..,..,..,..,..,..,..,..,50.7,..,..,0.2,382066
Food Prices for Nutrition 2.1,FPN 2.1,Belize,BLZ,2019,YR2019,..,2.298,..,..,..,..,2.574,..,..,..,..,..,..,..,..,..,..,..,..,..,..,..,..,..,..,..,..,..,..,49.4,..,..,0.2,389095
Food Prices for Nutrition 2.1,FPN 2.1,Belize,BLZ,2020,YR2020,..,2.35,..,..,..,..,2.632,..,..,..,..,..,..,..,..,..,..,..,..,..,..,..,..,..,..,..,..,..,..,57,..,..,0.2,394921
Food Prices for Nutrition 2.1,FPN 2.1,Belize,BLZ,2021,YR2021,..,2.497,..,..,..,..,2.797,..,..,..,..,..,..,..,..,..,..,..,..,..,..,..,..,..,..,..,..,..,..,53,..,..,0.2,400031
Food Prices for Nutrition 2.1,FPN 2.1,Benin,BEN,2017,YR2017,1.721,3.17,1.211,2.23,0.316,0.582,3.55,5.44,2.498,0.652,1.168,2.85,0.538,1.31,0.297,0.72,0.125,0.3,0.41,1.012,2.47,0.329,0.152,0.084,0.035,0.285,0.115,13.7,81.9,90.6,1.6,9.5,10.5,11596779
Food Prices for Nutrition 2.1,FPN 2.1,Benin,BEN,2018,YR2018,..,3.277,..,..,..,..,3.67,..,..,..,..,..,..,..,..,..,..,..,..,..,..,..,..,..,..,..,..,..,..,86.8,..,..,10.4,11940683
Food Prices for Nutrition 2.1,FPN 2.1,Benin,BEN,2019,YR2019,..,3.271,..,..,..,..,3.664,..,..,..,..,..,..,..,..,..,..,..,..,..,..,..,..,..,..,..,..,..,..,82.5,..,..,10.1,12290444
Food Prices for Nutrition 2.1,FPN 2.1,Benin,BEN,2020,YR2020,..,3.31,..,..,..,..,3.707,..,..,..,..,..,..,..,..,..,..,..,..,..,..,..,..,..,..,..,..,..,..,82.2,..,..,10.4,12643123
Food Prices for Nutrition 2.1,FPN 2.1,Benin,BEN,2021,YR2021,..,3.608,..,..,..,..,4.041,..,..,..,..,..,..,..,..,..,..,..,..,..,..,..,..,..,..,..,..,..,..,82.6,..,..,10.7,12996895
Food Prices for Nutrition 2.1,FPN 2.1,Bermuda,BMU,2017,YR2017,0.387,3.636,0.447,4.202,0.104,0.981,4.072,3.71,4.706,1.099,0.502,0.68,0.478,0.64,0.53,0.71,0.165,0.22,0.743,1.652,2.22,0.123,0.117,0.13,0.041,0.406,0.182,..,..,..,..,..,..,63873
Food Prices for Nutrition 2.1,FPN 2.1,Bermuda,BMU,2018,YR2018,..,3.383,..,..,..,..,3.789,..,..,..,..,..,..,..,..,..,..,..,..,..,..,..,..,..,..,..,..,..,..,..,..,..,..,63918
Food Prices for Nutrition 2.1,FPN 2.1,Bermuda,BMU,2019,YR2019,..,3.423,..,..,..,..,3.834,..,..,..,..,..,..,..,..,..,..,..,..,..,..,..,..,..,..,..,..,..,..,..,..,..,..,63911
Food Prices for Nutrition 2.1,FPN 2.1,Bermuda,BMU,2020,YR2020,..,3.32,..,..,..,..,3.718,..,..,..,..,..,..,..,..,..,..,..,..,..,..,..,..,..,..,..,..,..,..,..,..,..,..,63893
Food Prices for Nutrition 2.1,FPN 2.1,Bermuda,BMU,2021,YR2021,..,3.031,..,..,..,..,3.395,..,..,..,..,..,..,..,..,..,..,..,..,..,..,..,..,..,..,..,..,..,..,..,..,..,..,63764
Food Prices for Nutrition 2.1,FPN 2.1,Bhutan,BTN,2017,YR2017,0.753,3.913,0.481,2.502,0.18,0.935,4.383,4.19,2.802,1.047,1.191,2.21,1.122,2.08,0.427,0.79,0.164,0.3,0.54,0.94,1.74,0.272,0.256,0.097,0.037,0.214,0.123,0.7,26.2,51.2,0,0.2,0.4,756121
Food Prices for Nutrition 2.1,FPN 2.1,Bhutan,BTN,2018,YR2018,..,4.096,..,..,..,..,4.587,..,..,..,..,..,..,..,..,..,..,..,..,..,..,..,..,..,..,..,..,..,..,30.4,..,..,0.2,762096
Food Prices for Nutrition 2.1,FPN 2.1,Bhutan,BTN,2019,YR2019,..,4.207,..,..,..,..,4.712,..,..,..,..,..,..,..,..,..,..,..,..,..,..,..,..,..,..,..,..,..,..,35.7,..,..,0.3,767459
Food Prices for Nutrition 2.1,FPN 2.1,Bhutan,BTN,2020,YR2020,..,4.482,..,..,..,..,5.02,..,..,..,..,..,..,..,..,..,..,..,..,..,..,..,..,..,..,..,..,..,..,38.1,..,..,0.3,772506
Food Prices for Nutrition 2.1,FPN 2.1,Bhutan,BTN,2021,YR2021,..,4.767,..,..,..,..,5.339,..,..,..,..,..,..,..,..,..,..,..,..,..,..,..,..,..,..,..,..,..,..,30.5,..,..,0.2,777486
Food Prices for Nutrition 2.1,FPN 2.1,Bolivia,BOL,2017,YR2017,0.624,3.171,0.586,2.98,0.258,1.311,3.551,2.42,3.338,1.468,1.046,1.34,0.411,0.53,0.53,0.68,0.14,0.18,0.781,0.644,0.82,0.295,0.116,0.149,0.039,0.181,0.22,6.8,19.1,20.9,0.8,2.2,2.4,11435533
Food Prices for Nutrition 2.1,FPN 2.1,Bolivia,BOL,2018,YR2018,..,3.257,..,..,..,..,3.648,..,..,..,..,..,..,..,..,..,..,..,..,..,..,..,..,..,..,..,..,..,..,19.1,..,..,2.2,11606905
Food Prices for Nutrition 2.1,FPN 2.1,Bolivia,BOL,2019,YR2019,..,3.365,..,..,..,..,3.769,..,..,..,..,..,..,..,..,..,..,..,..,..,..,..,..,..,..,..,..,..,..,16,..,..,1.9,11777315
Food Prices for Nutrition 2.1,FPN 2.1,Bolivia,BOL,2020,YR2020,..,3.353,..,..,..,..,3.755,..,..,..,..,..,..,..,..,..,..,..,..,..,..,..,..,..,..,..,..,..,..,17.2,..,..,2.1,11936162
Food Prices for Nutrition 2.1,FPN 2.1,Bolivia,BOL,2021,YR2021,..,3.506,..,..,..,..,3.927,..,..,..,..,..,..,..,..,..,..,..,..,..,..,..,..,..,..,..,..,..,..,15.1,..,..,1.8,12079472
Food Prices for Nutrition 2.1,FPN 2.1,Bonaire,BON,2017,YR2017,..,..,1.002,2.972,0.225,0.666,..,..,3.329,0.746,..,..,..,..,..,..,..,..,..,..,..,..,..,..,..,..,..,..,..,..,..,..,..,..
Food Prices for Nutrition 2.1,FPN 2.1,Bonaire,BON,2018,YR2018,..,..,..,..,..,..,..,..,..,..,..,..,..,..,..,..,..,..,..,..,..,..,..,..,..,..,..,..,..,..,..,..,..,..
Food Prices for Nutrition 2.1,FPN 2.1,Bonaire,BON,2019,YR2019,..,..,..,..,..,..,..,..,..,..,..,..,..,..,..,..,..,..,..,..,..,..,..,..,..,..,..,..,..,..,..,..,..,..
Food Prices for Nutrition 2.1,FPN 2.1,Bonaire,BON,2020,YR2020,..,..,..,..,..,..,..,..,..,..,..,..,..,..,..,..,..,..,..,..,..,..,..,..,..,..,..,..,..,..,..,..,..,..
Food Prices for Nutrition 2.1,FPN 2.1,Bonaire,BON,2021,YR2021,..,..,..,..,..,..,..,..,..,..,..,..,..,..,..,..,..,..,..,..,..,..,..,..,..,..,..,..,..,..,..,..,..,..
Food Prices for Nutrition 2.1,FPN 2.1,Bosnia and Herzegovina,BIH,2017,YR2017,0.487,3.435,0.386,2.724,0.087,0.617,3.847,5.57,3.051,0.691,0.921,1.71,0.916,1.7,0.512,0.95,0.132,0.24,0.54,0.825,1.53,0.239,0.238,0.133,0.034,0.214,0.14,0,2.3,4.6,0,0.1,0.2,3440027
Food Prices for Nutrition 2.1,FPN 2.1,Bosnia and Herzegovina,BIH,2018,YR2018,..,3.488,..,..,..,..,3.907,..,..,..,..,..,..,..,..,..,..,..,..,..,..,..,..,..,..,..,..,..,..,4,..,..,0.1,3400129
Food Prices for Nutrition 2.1,FPN 2.1,Bosnia and Herzegovina,BIH,2019,YR2019,..,3.61,..,..,..,..,4.043,..,..,..,..,..,..,..,..,..,..,..,..,..,..,..,..,..,..,..,..,..,..,3.8,..,..,0.1,3360711
Food Prices for Nutrition 2.1,FPN 2.1,Bosnia and Herzegovina,BIH,2020,YR2020,..,3.537,..,..,..,..,3.961,..,..,..,..,..,..,..,..,..,..,..,..,..,..,..,..,..,..,..,..,..,..,3.7,..,..,0.1,3318407
Food Prices for Nutrition 2.1,FPN 2.1,Bosnia and Herzegovina,BIH,2021,YR2021,..,3.665,..,..,..,..,4.105,..,..,..,..,..,..,..,..,..,..,..,..,..,..,..,..,..,..,..,..,..,..,3,..,..,0.1,3270943
Food Prices for Nutrition 2.1,FPN 2.1,Botswana,BWA,2017,YR2017,0.274,3.234,0.17,2.009,0.038,0.451,3.622,7.17,2.25,0.505,1.097,2.81,0.795,2.04,0.402,1.03,0.142,0.36,0.39,0.796,2.04,0.303,0.219,0.111,0.039,0.22,0.108,1.3,44.3,63.2,0,1.1,1.5,2401840
Food Prices for Nutrition 2.1,FPN 2.1,Botswana,BWA,2018,YR2018,..,3.192,..,..,..,..,3.575,..,..,..,..,..,..,..,..,..,..,..,..,..,..,..,..,..,..,..,..,..,..,60.8,..,..,1.5,2451409
Food Prices for Nutrition 2.1,FPN 2.1,Botswana,BWA,2019,YR2019,..,3.206,..,..,..,..,3.591,..,..,..,..,..,..,..,..,..,..,..,..,..,..,..,..,..,..,..,..,..,..,59.8,..,..,1.5,2499702
Food Prices for Nutrition 2.1,FPN 2.1,Botswana,BWA,2020,YR2020,..,3.304,..,..,..,..,3.701,..,..,..,..,..,..,..,..,..,..,..,..,..,..,..,..,..,..,..,..,..,..,63.4,..,..,1.6,2546402
Food Prices for Nutrition 2.1,FPN 2.1,Botswana,BWA,2021,YR2021,..,3.419,..,..,..,..,3.829,..,..,..,..,..,..,..,..,..,..,..,..,..,..,..,..,..,..,..,..,..,..,60.2,..,..,1.6,2588423
,,,,,,,,,,,,,,,,,,,,,,,,,,,,,,,,,,,,,,,
,,,,,,,,,,,,,,,,,,,,,,,,,,,,,,,,,,,,,,,
,,,,,,,,,,,,,,,,,,,,,,,,,,,,,,,,,,,,,,,
Data from database: Food Prices for Nutrition,,,,,,,,,,,,,,,,,,,,,,,,,,,,,,,,,,,,,,,
Last Updated: 12/15/2023,,,,,,,,,,,,,,,,,,,,,,,,,,,,,,,,,,,,,,,
